uuid,b,g,i_max,id,r,v_rated,x
d03eee1c-0c11-41c4-90a3-2743ab894974,191.636993408203,0.0,265.0,NS_3,0.253899991512299,0.4,0.0691149979829788
d3293c00-7bc8-434f-bfc8-b90cc2ff85be,163.363006591797,0.0,195.0,NS_1,0.442999988794327,0.4,0.0722566023468971
f8b5526a-2f8b-4937-864a-4162157a98be,163.363006591797,0.0,195.0,NS_1,0.442999988794327,0.4,0.0722566023468971
7445744d-21dd-46ad-805b-1d8b8a470294,185.35400390625,0.0,235.0,NS_2,0.319999992847443,0.4,0.0691149979829788
f265e497-3a6d-4f96-9329-a7644cd8e785,85.7655029296875,0.0,361.0,MS_3,0.165999993681908,20.0,0.117200002074242
98d23c1c-fd2a-4257-993f-55663b42200b,185.35400390625,0.0,235.0,NS_2,0.319999992847443,0.4,0.0691149979829788
9f3e546f-f81a-4602-8ceb-4401abceb42e,185.35400390625,0.0,235.0,NS_2,0.319999992847443,0.4,0.0691149979829788
5f39d862-cf14-4619-847d-1b77eaa80546,185.35400390625,0.0,235.0,NS_2,0.319999992847443,0.4,0.0691149979829788
9da326a4-b96c-4e3c-bcd2-58be00a460cb,191.636993408203,0.0,265.0,NS_3,0.253899991512299,0.4,0.0691149979829788
0bfe6869-6869-438d-918c-e697955a922f,85.7655029296875,0.0,361.0,MS_3,0.165999993681908,20.0,0.117200002074242
7e6f9030-73ff-4fcb-a384-f71820af1a41,185.35400390625,0.0,235.0,NS_2,0.319999992847443,0.4,0.0691149979829788
a61bace6-0050-436a-8715-0e042a8582f6,191.636993408203,0.0,265.0,NS_3,0.253899991512299,0.4,0.0691149979829788
e745cdd4-1c30-447f-8694-d3b3d2e01a96,163.363006591797,0.0,195.0,NS_1,0.442999988794327,0.4,0.0722566023468971
12ccc9e0-9987-4c1c-b176-84574ab2d262,163.363006591797,0.0,195.0,NS_1,0.442999988794327,0.4,0.0722566023468971
7895fb66-d867-4e4a-bab9-ce5165207321,163.363006591797,0.0,195.0,NS_1,0.442999988794327,0.4,0.0722566023468971
e2ee2ab1-8e22-41be-9a1f-cfdee99d611e,163.363006591797,0.0,195.0,NS_1,0.442999988794327,0.4,0.0722566023468971
9312de84-9197-462f-9d69-7d2fea8f7f68,163.363006591797,0.0,195.0,NS_1,0.442999988794327,0.4,0.0722566023468971
6fab725c-b58a-47eb-957c-9ca99f4558ce,85.7655029296875,0.0,361.0,MS_3,0.165999993681908,20.0,0.117200002074242
cb059d73-c67b-41d4-9c49-844c12351e77,163.363006591797,0.0,195.0,NS_1,0.442999988794327,0.4,0.0722566023468971
a7071b97-2be4-40bf-a0b1-b8faf6bff6d6,191.636993408203,0.0,265.0,NS_3,0.253899991512299,0.4,0.0691149979829788
6c4bc7e5-6510-43f2-b370-89e5426d8364,185.35400390625,0.0,235.0,NS_2,0.319999992847443,0.4,0.0691149979829788
7286023c-864d-476f-8b54-f23179ed906a,163.363006591797,0.0,195.0,NS_1,0.442999988794327,0.4,0.0722566023468971
c56980f1-59a0-4966-8743-a6a8165efdda,163.363006591797,0.0,195.0,NS_1,0.442999988794327,0.4,0.0722566023468971
3b41ea67-4e64-466f-9932-712b23fcf7df,185.35400390625,0.0,235.0,NS_2,0.319999992847443,0.4,0.0691149979829788
7482222e-f925-4004-abdd-0b69ef453d8d,191.636993408203,0.0,265.0,NS_3,0.253899991512299,0.4,0.0691149979829788
0622aad8-6436-429e-a46b-4e09adad1a6c,163.363006591797,0.0,195.0,NS_1,0.442999988794327,0.4,0.0722566023468971
8bfec339-14db-48d1-869b-c46b602a5940,163.363006591797,0.0,195.0,NS_1,0.442999988794327,0.4,0.0722566023468971
b859db2f-036d-4697-887f-cb9445bc0814,191.636993408203,0.0,265.0,NS_3,0.253899991512299,0.4,0.0691149979829788
c21290a1-ce12-4bc1-be0b-3492c9399da3,163.363006591797,0.0,195.0,NS_1,0.442999988794327,0.4,0.0722566023468971
a2f51a3d-5e1e-41cd-8be6-696ac1a12d52,185.35400390625,0.0,235.0,NS_2,0.319999992847443,0.4,0.0691149979829788
d5addbe0-2d36-489a-8552-b3a0e66aa5b8,185.35400390625,0.0,235.0,NS_2,0.319999992847443,0.4,0.0691149979829788
e8fb78e6-329b-4968-b748-48d27078347a,163.363006591797,0.0,195.0,NS_1,0.442999988794327,0.4,0.0722566023468971
2ae4a009-1481-412f-aa25-9d74b23a60ce,163.363006591797,0.0,195.0,NS_1,0.442999988794327,0.4,0.0722566023468971
9db7e41e-7360-4529-bbdb-dbd220117f61,163.363006591797,0.0,195.0,NS_1,0.442999988794327,0.4,0.0722566023468971
9d193d4b-29bf-4cf5-9ff0-ab04185a6486,185.35400390625,0.0,235.0,NS_2,0.319999992847443,0.4,0.0691149979829788
b42b9195-4953-403f-8e52-55cc8e653c94,163.363006591797,0.0,195.0,NS_1,0.442999988794327,0.4,0.0722566023468971
f24aa8ff-676a-4638-a1b4-4c16566079e8,191.636993408203,0.0,265.0,NS_3,0.253899991512299,0.4,0.0691149979829788
9989a72f-2587-4a15-804e-e81d9af7ee93,191.636993408203,0.0,265.0,NS_3,0.253899991512299,0.4,0.0691149979829788
f6ac868a-f7c6-48b7-a86e-ede7100859ea,185.35400390625,0.0,235.0,NS_2,0.319999992847443,0.4,0.0691149979829788
471b943e-0115-4262-beee-ebaef1503b09,163.363006591797,0.0,195.0,NS_1,0.442999988794327,0.4,0.0722566023468971
f2a9246c-1d44-4903-b6a1-f038b786c01b,185.35400390625,0.0,235.0,NS_2,0.319999992847443,0.4,0.0691149979829788
29ce3d34-1e26-468c-af62-19ff0d0fd70f,85.7655029296875,0.0,361.0,MS_3,0.165999993681908,20.0,0.117200002074242
bdcb3549-eb2e-4903-8f0d-cf6a2166c09f,163.363006591797,0.0,195.0,NS_1,0.442999988794327,0.4,0.0722566023468971
6fefbb49-0419-447c-9431-657cb0dc29fe,191.636993408203,0.0,265.0,NS_3,0.253899991512299,0.4,0.0691149979829788
3362b510-7d57-44b1-a6cf-8081aac84a5b,191.636993408203,0.0,265.0,NS_3,0.253899991512299,0.4,0.0691149979829788
f564bbec-720f-4299-b516-e576f02152c8,163.363006591797,0.0,195.0,NS_1,0.442999988794327,0.4,0.0722566023468971
b0640c38-10d2-4f95-aa23-afbd8ad7f21c,185.35400390625,0.0,235.0,NS_2,0.319999992847443,0.4,0.0691149979829788
1dd89c18-1436-4212-a053-5c6435368da5,191.636993408203,0.0,265.0,NS_3,0.253899991512299,0.4,0.0691149979829788
f8b900a6-7d3e-41b9-b5c6-48eca9153984,163.363006591797,0.0,195.0,NS_1,0.442999988794327,0.4,0.0722566023468971
cde5f3a8-4a99-49b7-a7e7-b73e1c6d8003,185.35400390625,0.0,235.0,NS_2,0.319999992847443,0.4,0.0691149979829788
342054c6-c0dc-4b03-b914-6bdc69c17d1b,185.35400390625,0.0,235.0,NS_2,0.319999992847443,0.4,0.0691149979829788
fdae377a-76ff-447c-a64b-ae3a431691a3,163.363006591797,0.0,195.0,NS_1,0.442999988794327,0.4,0.0722566023468971
048a2c36-6fbc-43ec-aa92-3807f7bfec50,163.363006591797,0.0,195.0,NS_1,0.442999988794327,0.4,0.0722566023468971
121eb9fa-9cd8-49ef-a5c5-a382596b9d9f,185.35400390625,0.0,235.0,NS_2,0.319999992847443,0.4,0.0691149979829788
a246d41e-4ad0-4dbc-9261-99104c22f0d8,191.636993408203,0.0,265.0,NS_3,0.253899991512299,0.4,0.0691149979829788
000a8091-6782-41a2-aa13-fcf0056989d1,191.636993408203,0.0,265.0,NS_3,0.253899991512299,0.4,0.0691149979829788
0cf49259-c126-4602-9b8a-764208d67914,191.636993408203,0.0,300.0,MS_2,0.207000002264977,20.0,0.0691149979829788
d4ff2175-de32-4f24-99ad-ab11517444f9,163.363006591797,0.0,195.0,NS_1,0.442999988794327,0.4,0.0722566023468971
c435432c-3647-4b5b-96e1-ac1e32a546e4,185.35400390625,0.0,235.0,NS_2,0.319999992847443,0.4,0.0691149979829788
71d2059f-ed6c-4cd1-9c3a-28b3409e93bb,191.636993408203,0.0,300.0,MS_2,0.207000002264977,20.0,0.0691149979829788
f181cb5c-2234-49d5-9e3f-d21f14963074,163.363006591797,0.0,195.0,NS_1,0.442999988794327,0.4,0.0722566023468971
a0318665-d079-4454-b335-67a08d52063e,163.363006591797,0.0,195.0,NS_1,0.442999988794327,0.4,0.0722566023468971
5670305b-68cf-4b9a-ab60-ea3bbd57afb4,191.636993408203,0.0,265.0,NS_3,0.253899991512299,0.4,0.0691149979829788
8f7197d4-129a-4493-9a21-55e258d7b6ed,185.35400390625,0.0,235.0,NS_2,0.319999992847443,0.4,0.0691149979829788
a63fd579-c35b-4870-9173-0fd383364c6f,185.35400390625,0.0,235.0,NS_2,0.319999992847443,0.4,0.0691149979829788
5407472c-b967-4600-864d-c79362f5658c,85.7655029296875,0.0,361.0,MS_3,0.165999993681908,20.0,0.117200002074242
ad9a28fb-b6c5-447f-847f-14480a638bfc,191.636993408203,0.0,265.0,NS_3,0.253899991512299,0.4,0.0691149979829788
491312ff-b705-4baf-ad5e-139ca62abd13,191.636993408203,0.0,265.0,NS_3,0.253899991512299,0.4,0.0691149979829788
82bc6482-24eb-42dd-8dc3-e05b86696a22,191.636993408203,0.0,265.0,NS_3,0.253899991512299,0.4,0.0691149979829788
7eb50926-f5b2-4fc4-b293-c679eaf19f65,191.636993408203,0.0,265.0,NS_3,0.253899991512299,0.4,0.0691149979829788
3f4a87a8-dd17-4b3d-acfc-10453391acc6,191.636993408203,0.0,265.0,NS_3,0.253899991512299,0.4,0.0691149979829788
9ac19e4c-0379-4aaf-a96a-b2e71462abb3,0.0,0.0,800.0,Kabel_110kV_1,0.0283,110.0,0.11
fa60cbc7-5599-4409-b866-dc05a5b27235,185.35400390625,0.0,235.0,NS_2,0.319999992847443,0.4,0.0691149979829788
9987d3ab-2135-4c6d-bb7b-209659ab9356,185.35400390625,0.0,235.0,NS_2,0.319999992847443,0.4,0.0691149979829788
63a743b3-b45e-4862-b571-b4448545fb21,185.35400390625,0.0,235.0,NS_2,0.319999992847443,0.4,0.0691149979829788
0417354b-2a35-4499-965d-24b153f98769,163.363006591797,0.0,195.0,NS_1,0.442999988794327,0.4,0.0722566023468971
29a0785e-569d-4941-b7a3-9f4710dcb749,185.35400390625,0.0,235.0,NS_2,0.319999992847443,0.4,0.0691149979829788
b8c8070f-0668-4a5c-bbff-4326670eedc3,163.363006591797,0.0,195.0,NS_1,0.442999988794327,0.4,0.0722566023468971
80eb9e25-4a5c-49b6-bb57-8fa7cf5dc035,163.363006591797,0.0,195.0,NS_1,0.442999988794327,0.4,0.0722566023468971
75e63c65-ec08-4c59-aef2-3db3f96904cc,163.363006591797,0.0,195.0,NS_1,0.442999988794327,0.4,0.0722566023468971
e5d110d3-321b-4726-bc51-e265f83891df,185.35400390625,0.0,235.0,NS_2,0.319999992847443,0.4,0.0691149979829788
ce8ff61c-97fd-441a-914a-250c0dc80ed2,191.636993408203,0.0,265.0,NS_3,0.253899991512299,0.4,0.0691149979829788
4ee89e0b-1e97-4dde-ba57-3b0b862957c5,185.35400390625,0.0,235.0,NS_2,0.319999992847443,0.4,0.0691149979829788
673692bb-40e7-4793-8010-59a6c825fb0f,185.35400390625,0.0,235.0,NS_2,0.319999992847443,0.4,0.0691149979829788
6daeb4b5-b137-4ed4-8bac-f6193d5daf33,163.363006591797,0.0,195.0,NS_1,0.442999988794327,0.4,0.0722566023468971
62a6a50e-8d16-415c-960d-8ef133627350,191.636993408203,0.0,265.0,NS_3,0.253899991512299,0.4,0.0691149979829788
fb585936-8df9-4d57-9545-0372de271044,163.363006591797,0.0,195.0,NS_1,0.442999988794327,0.4,0.0722566023468971
a34786e0-a3f2-4420-8754-9af63551cbf8,163.363006591797,0.0,195.0,NS_1,0.442999988794327,0.4,0.0722566023468971
8c6655c4-4ab0-4eb9-9ef3-ccc4c1c58b86,163.363006591797,0.0,195.0,NS_1,0.442999988794327,0.4,0.0722566023468971
7204651a-462e-4a96-ab91-9bec7dbdcb92,185.35400390625,0.0,235.0,NS_2,0.319999992847443,0.4,0.0691149979829788
7374aedd-b0cd-467c-99e9-fe3b26adb3b7,191.636993408203,0.0,265.0,NS_3,0.253899991512299,0.4,0.0691149979829788
970e0436-65e3-48d6-9d9c-1f194f94f02c,163.363006591797,0.0,195.0,NS_1,0.442999988794327,0.4,0.0722566023468971
c4caf964-fe70-47f4-9596-b52418ee8d39,191.636993408203,0.0,265.0,NS_3,0.253899991512299,0.4,0.0691149979829788
267979b1-af4a-4ae9-a22c-3e0234ce2271,191.636993408203,0.0,265.0,NS_3,0.253899991512299,0.4,0.0691149979829788
64336228-e311-47a6-aa65-4e2883352109,163.363006591797,0.0,195.0,NS_1,0.442999988794327,0.4,0.0722566023468971
85771d96-26ec-47d7-b8ef-f991a0bb996e,191.636993408203,0.0,300.0,MS_2,0.207000002264977,20.0,0.0691149979829788
0ef707b4-69a5-4e4b-95a0-91dc0752aa46,0.0,0.0,680.0,Freileitung_110kV_1,0.1094,110.0,0.4
184d5283-e90b-4ad1-9a28-51f09df26312,163.363006591797,0.0,195.0,NS_1,0.442999988794327,0.4,0.0722566023468971
29925a58-7664-486a-a503-ab0d994c9e75,85.7655029296875,0.0,361.0,MS_3,0.165999993681908,20.0,0.117200002074242
803c298b-61c6-412c-9b60-21cabc5bd945,185.35400390625,0.0,235.0,NS_2,0.319999992847443,0.4,0.0691149979829788
6986321a-0a85-411e-8b2d-9d929a7f298b,163.363006591797,0.0,195.0,NS_1,0.442999988794327,0.4,0.0722566023468971
6eae5d86-3269-4d7c-aca6-150008d85eb2,163.363006591797,0.0,195.0,NS_1,0.442999988794327,0.4,0.0722566023468971
28ff8422-4924-4669-8352-2d5fd68a084c,191.636993408203,0.0,265.0,NS_3,0.253899991512299,0.4,0.0691149979829788
ec77a581-8148-4b2c-bb6a-3f7c24ebb93b,185.35400390625,0.0,235.0,NS_2,0.319999992847443,0.4,0.0691149979829788
b4dfd39c-38ec-4883-adf7-413c0662694a,191.636993408203,0.0,265.0,NS_3,0.253899991512299,0.4,0.0691149979829788
899d2b91-69bc-46fb-a4bb-0b97c7c8751a,163.363006591797,0.0,195.0,NS_1,0.442999988794327,0.4,0.0722566023468971
d639d54f-19ff-4b56-bf41-206c1736258c,185.35400390625,0.0,235.0,NS_2,0.319999992847443,0.4,0.0691149979829788
a4c7ef55-d178-4967-a6cf-8a762672d27c,163.363006591797,0.0,195.0,NS_1,0.442999988794327,0.4,0.0722566023468971
0615b7b8-e7ec-4771-9e68-f02948044da2,191.636993408203,0.0,265.0,NS_3,0.253899991512299,0.4,0.0691149979829788
91bec055-7ab3-49f0-940d-f7399bbb129e,191.636993408203,0.0,265.0,NS_3,0.253899991512299,0.4,0.0691149979829788
d0f81106-444d-4832-ad0b-a293d719206a,3.0,0.0,550.0,HS_1,0.109999999403954,110.0,0.379999995231628
a61d2b6a-2ae3-4e87-b69c-d6ef03746edb,163.363006591797,0.0,195.0,NS_1,0.442999988794327,0.4,0.0722566023468971
54a5e86e-8535-427e-b07b-638ba00913a5,85.7655029296875,0.0,361.0,MS_3,0.165999993681908,20.0,0.117200002074242
34bcbd39-34fe-4ba4-896b-e123e597985a,191.636993408203,0.0,265.0,NS_3,0.253899991512299,0.4,0.0691149979829788
21efe2be-86c1-4d0c-ba01-f77b01632ddf,163.363006591797,0.0,195.0,NS_1,0.442999988794327,0.4,0.0722566023468971
28c423bf-1639-4599-847c-d0db54b6d55d,185.35400390625,0.0,235.0,NS_2,0.319999992847443,0.4,0.0691149979829788
90499632-fb19-4b07-9726-8741307a2f77,163.363006591797,0.0,195.0,NS_1,0.442999988794327,0.4,0.0722566023468971
fa07a917-4d21-4e0b-abc4-527420509063,191.636993408203,0.0,265.0,NS_3,0.253899991512299,0.4,0.0691149979829788
01ef6262-ae52-48e5-833c-aface9a34b35,163.363006591797,0.0,195.0,NS_1,0.442999988794327,0.4,0.0722566023468971
c1eab793-7cb2-44b1-a309-e6a96e5ee80e,191.636993408203,0.0,265.0,NS_3,0.253899991512299,0.4,0.0691149979829788
5050a032-62b4-4239-aa13-9672c890e74a,191.636993408203,0.0,265.0,NS_3,0.253899991512299,0.4,0.0691149979829788
0ae22511-6661-4a9c-a3b4-62e28f0c6301,163.363006591797,0.0,195.0,NS_1,0.442999988794327,0.4,0.0722566023468971
bb9bd979-bf7e-48cb-840f-e63e85f00911,163.363006591797,0.0,195.0,NS_1,0.442999988794327,0.4,0.0722566023468971
86828e8b-9ff2-4bb6-8a32-f291c397acea,185.35400390625,0.0,235.0,NS_2,0.319999992847443,0.4,0.0691149979829788
2c4b31fd-9662-4b0a-95da-bab5a1b541cd,185.35400390625,0.0,235.0,NS_2,0.319999992847443,0.4,0.0691149979829788
fe7f2726-e60e-4111-9577-61f332eebf2e,185.35400390625,0.0,235.0,NS_2,0.319999992847443,0.4,0.0691149979829788
6a818827-ddba-4916-ab33-2c326d3c5745,191.636993408203,0.0,265.0,NS_3,0.253899991512299,0.4,0.0691149979829788
0d9b5a69-e04d-4617-b46d-6ddb64ca815d,163.363006591797,0.0,195.0,NS_1,0.442999988794327,0.4,0.0722566023468971
0d77358d-422b-4f97-8eb9-b36f717da4a2,185.35400390625,0.0,235.0,NS_2,0.319999992847443,0.4,0.0691149979829788
359e568b-3167-4c1b-9e94-6e6aa74e36cc,191.636993408203,0.0,265.0,NS_3,0.253899991512299,0.4,0.0691149979829788
36876e77-ccb6-4cc1-8508-d1728c149a07,185.35400390625,0.0,235.0,NS_2,0.319999992847443,0.4,0.0691149979829788
9b5784f1-0ae5-4692-9deb-3d74743f59e0,191.636993408203,0.0,265.0,NS_3,0.253899991512299,0.4,0.0691149979829788
98d060f1-bde2-4649-92e9-c818ba66f474,163.363006591797,0.0,195.0,NS_1,0.442999988794327,0.4,0.0722566023468971
dc2dafb1-dd6f-489e-9fb1-36d029b03980,163.363006591797,0.0,195.0,NS_1,0.442999988794327,0.4,0.0722566023468971
2f625e1a-ff4b-4379-bd79-e309d5841ffb,185.35400390625,0.0,235.0,NS_2,0.319999992847443,0.4,0.0691149979829788
97a2a008-5c56-41d4-bef2-f1af45f2925b,163.363006591797,0.0,195.0,NS_1,0.442999988794327,0.4,0.0722566023468971
f3a219f3-8999-4b77-90b8-7f78b4a884a8,191.636993408203,0.0,300.0,MS_2,0.207000002264977,20.0,0.0691149979829788
6d8c33a0-9d13-40fb-a8ed-66f653461521,191.636993408203,0.0,265.0,NS_3,0.253899991512299,0.4,0.0691149979829788
17e87208-d092-4514-8b23-ab91598798ce,163.363006591797,0.0,195.0,NS_1,0.442999988794327,0.4,0.0722566023468971
9f363635-277f-49ad-9d59-17ba6fe87989,163.363006591797,0.0,195.0,NS_1,0.442999988794327,0.4,0.0722566023468971
c2618b8d-df63-4bc1-8eab-3ce2fd74e183,163.363006591797,0.0,195.0,NS_1,0.442999988794327,0.4,0.0722566023468971
152c2e89-46ec-4b21-9cea-5c10420de37b,191.636993408203,0.0,265.0,NS_3,0.253899991512299,0.4,0.0691149979829788
103e89f7-9c1d-459d-abb8-cf964570340a,185.35400390625,0.0,235.0,NS_2,0.319999992847443,0.4,0.0691149979829788
0610293b-068b-4851-927b-618da07e6fcf,185.35400390625,0.0,235.0,NS_2,0.319999992847443,0.4,0.0691149979829788
6734c033-4156-4e9f-b924-2f5d6aee5c7f,191.636993408203,0.0,300.0,MS_2,0.207000002264977,20.0,0.0691149979829788
af9a3ab2-48e6-4972-b589-8baae5c74fb9,185.35400390625,0.0,235.0,NS_2,0.319999992847443,0.4,0.0691149979829788
0d7473a5-dd01-460f-a1ee-624d10f34c8e,185.35400390625,0.0,235.0,NS_2,0.319999992847443,0.4,0.0691149979829788
6d1930ba-b144-459f-9a7f-463c0a0f46b4,163.363006591797,0.0,195.0,NS_1,0.442999988794327,0.4,0.0722566023468971
04a91974-26b9-4b6c-9c0a-31f4bcc9c8d1,191.636993408203,0.0,265.0,NS_3,0.253899991512299,0.4,0.0691149979829788
22a27f37-a8dc-4316-9795-7525ee7a0ac7,163.363006591797,0.0,195.0,NS_1,0.442999988794327,0.4,0.0722566023468971
44f95594-319f-47ba-9df2-5d9833e47408,191.636993408203,0.0,265.0,NS_3,0.253899991512299,0.4,0.0691149979829788
29538d4e-9d99-4701-b21a-0d8ee5b665de,163.363006591797,0.0,195.0,NS_1,0.442999988794327,0.4,0.0722566023468971
8bd8a653-39a7-420d-976d-68d9492601bd,163.363006591797,0.0,195.0,NS_1,0.442999988794327,0.4,0.0722566023468971
62829e00-c835-4fea-b47a-104d258a5393,191.636993408203,0.0,265.0,NS_3,0.253899991512299,0.4,0.0691149979829788
e04e5d5a-1f24-40ce-9869-1835e0ade796,163.363006591797,0.0,195.0,NS_1,0.442999988794327,0.4,0.0722566023468971
1ede9038-2ae8-4794-839d-f60f70d50177,191.636993408203,0.0,265.0,NS_3,0.253899991512299,0.4,0.0691149979829788
1a77afda-35bc-4902-a32e-a3a8f3d1a88a,163.363006591797,0.0,195.0,NS_1,0.442999988794327,0.4,0.0722566023468971
2c4f86a0-5161-4f3f-b6c6-bcc9c7c0ed4e,163.363006591797,0.0,195.0,NS_1,0.442999988794327,0.4,0.0722566023468971
567497fb-f77c-4e25-a030-9d40b377711c,191.636993408203,0.0,265.0,NS_3,0.253899991512299,0.4,0.0691149979829788
e6b134f3-2f34-4bdb-a353-0de86ef64651,191.636993408203,0.0,265.0,NS_3,0.253899991512299,0.4,0.0691149979829788
809a36fc-7f08-4800-8714-2b6607974a43,185.35400390625,0.0,235.0,NS_2,0.319999992847443,0.4,0.0691149979829788
c6ec6f58-dae8-4dcc-b486-d0ba6df880c6,191.636993408203,0.0,265.0,NS_3,0.253899991512299,0.4,0.0691149979829788
2440030d-910e-4a4b-ac70-15f09e34e23b,191.636993408203,0.0,265.0,NS_3,0.253899991512299,0.4,0.0691149979829788
e0c1129d-75ba-4639-928d-2f43eeabc88e,163.363006591797,0.0,195.0,NS_1,0.442999988794327,0.4,0.0722566023468971
33e2dfb4-60cd-4b99-b7ac-bc28267e8b9c,191.636993408203,0.0,265.0,NS_3,0.253899991512299,0.4,0.0691149979829788
03627bdf-9d77-44d5-a9c2-9e3109ec8a32,185.35400390625,0.0,235.0,NS_2,0.319999992847443,0.4,0.0691149979829788
110964ab-decd-4f63-af13-dfe2ee499ba7,191.636993408203,0.0,265.0,NS_3,0.253899991512299,0.4,0.0691149979829788
7e56f483-33df-4eb3-b80d-787dcd1d5fec,191.636993408203,0.0,265.0,NS_3,0.253899991512299,0.4,0.0691149979829788
b0242798-3ebc-43b5-b26d-0afc2e3af126,191.636993408203,0.0,265.0,NS_3,0.253899991512299,0.4,0.0691149979829788
ab79d7fc-15bc-4ab6-bd7c-432ae87839d7,185.35400390625,0.0,235.0,NS_2,0.319999992847443,0.4,0.0691149979829788
7da1277a-931e-48f2-8d9f-810e49e0b8ec,163.363006591797,0.0,195.0,NS_1,0.442999988794327,0.4,0.0722566023468971
c9444107-2d82-4591-a80e-eacc5bea633f,191.636993408203,0.0,265.0,NS_3,0.253899991512299,0.4,0.0691149979829788
a4aab125-8af4-4ef9-8842-4cf718f998bc,163.363006591797,0.0,195.0,NS_1,0.442999988794327,0.4,0.0722566023468971
0250b2f4-4cbf-449f-87ef-b90dc451673e,191.636993408203,0.0,265.0,NS_3,0.253899991512299,0.4,0.0691149979829788
89a28eeb-daae-4a0b-bfd5-6c5ba90f7440,191.636993408203,0.0,265.0,NS_3,0.253899991512299,0.4,0.0691149979829788
ba85a896-08d3-4b95-8a21-1c06f29513e4,191.636993408203,0.0,265.0,NS_3,0.253899991512299,0.4,0.0691149979829788
8cb6dcdc-c648-4c54-8cda-1df69f317b47,85.7655029296875,0.0,361.0,MS_3,0.165999993681908,20.0,0.117200002074242
ce1623cf-68c5-4f91-842a-2845ca7aa0e1,185.35400390625,0.0,235.0,NS_2,0.319999992847443,0.4,0.0691149979829788
ce61ee4b-0244-416f-b3e0-80577b58781c,185.35400390625,0.0,235.0,NS_2,0.319999992847443,0.4,0.0691149979829788
7513c490-99e4-4d11-983d-3d6bcf8dea93,191.636993408203,0.0,265.0,NS_3,0.253899991512299,0.4,0.0691149979829788
76530f38-d7be-4e8b-b1f5-cfe49b59388f,191.636993408203,0.0,265.0,NS_3,0.253899991512299,0.4,0.0691149979829788
b6c5b4cb-fc54-478c-9e57-0b5204e06120,191.636993408203,0.0,265.0,NS_3,0.253899991512299,0.4,0.0691149979829788
d3f48b67-8081-41a8-a9ea-2515ef4c70ee,191.636993408203,0.0,265.0,NS_3,0.253899991512299,0.4,0.0691149979829788
cb8e491b-e99f-4a68-a0e0-dfa07b77ca7f,191.636993408203,0.0,265.0,NS_3,0.253899991512299,0.4,0.0691149979829788
be6b1366-0282-427c-99fe-7ee0ae092652,185.35400390625,0.0,235.0,NS_2,0.319999992847443,0.4,0.0691149979829788
5373af9c-0365-498f-959d-80bf86bd9a26,191.636993408203,0.0,265.0,NS_3,0.253899991512299,0.4,0.0691149979829788
caf07358-b134-46ae-a7f4-7c64d06ab25b,163.363006591797,0.0,195.0,NS_1,0.442999988794327,0.4,0.0722566023468971
9bdff8f4-9fc5-4bb4-a346-786543058f6a,191.636993408203,0.0,265.0,NS_3,0.253899991512299,0.4,0.0691149979829788
e0de3267-5ef6-4fcb-83c9-771d53e7fde8,185.35400390625,0.0,235.0,NS_2,0.319999992847443,0.4,0.0691149979829788
0199a8ad-0453-4362-90a8-49ee825029ac,163.363006591797,0.0,195.0,NS_1,0.442999988794327,0.4,0.0722566023468971
660acf3d-706b-4daa-83e7-af1edcb02804,191.636993408203,0.0,265.0,NS_3,0.253899991512299,0.4,0.0691149979829788
333e8b90-4af3-4385-a845-ce1e56549bad,163.363006591797,0.0,195.0,NS_1,0.442999988794327,0.4,0.0722566023468971
5806cf0a-5c5c-44ec-ac36-83a0030fb9dc,163.363006591797,0.0,195.0,NS_1,0.442999988794327,0.4,0.0722566023468971
37b03eb6-ef0f-48c2-ba36-e1a5ed1747b4,191.636993408203,0.0,265.0,NS_3,0.253899991512299,0.4,0.0691149979829788
90f47116-bd6e-489b-b5c0-8db3ff905d4b,185.35400390625,0.0,235.0,NS_2,0.319999992847443,0.4,0.0691149979829788
d4890af8-3627-4397-b962-31e5ae9a8164,163.363006591797,0.0,195.0,NS_1,0.442999988794327,0.4,0.0722566023468971
6bc2f42c-d4bb-422c-9aa8-6255d18bf010,185.35400390625,0.0,235.0,NS_2,0.319999992847443,0.4,0.0691149979829788
785dc700-c099-44fa-88b8-4242184395cf,163.363006591797,0.0,195.0,NS_1,0.442999988794327,0.4,0.0722566023468971
04e8252c-c3f3-4a4e-a11a-a182e94c382e,191.636993408203,0.0,265.0,NS_3,0.253899991512299,0.4,0.0691149979829788
33bf42ab-01ba-493f-a92e-de302649b490,185.35400390625,0.0,235.0,NS_2,0.319999992847443,0.4,0.0691149979829788
98940ea1-18b6-4823-99aa-ede16c31602f,185.35400390625,0.0,235.0,NS_2,0.319999992847443,0.4,0.0691149979829788
f5402aea-e1ab-43a3-b65b-a101e7358a6f,185.35400390625,0.0,235.0,NS_2,0.319999992847443,0.4,0.0691149979829788
ec6693de-2458-4ace-b303-4ef744f72884,185.35400390625,0.0,235.0,NS_2,0.319999992847443,0.4,0.0691149979829788
df4aeff9-dacd-4326-9126-58e39f4161f9,191.636993408203,0.0,265.0,NS_3,0.253899991512299,0.4,0.0691149979829788
dffa0c85-3ad7-4cae-b3f4-48bc41826b84,191.636993408203,0.0,300.0,MS_2,0.207000002264977,20.0,0.0691149979829788
d03f95b2-28c1-41cc-a80b-768a2a2f4788,163.363006591797,0.0,195.0,NS_1,0.442999988794327,0.4,0.0722566023468971
9c4d86bb-ab1d-42ff-a5f2-4d1f39778f6c,163.363006591797,0.0,195.0,NS_1,0.442999988794327,0.4,0.0722566023468971
5b2b259b-1155-4130-b119-afea37851952,191.636993408203,0.0,265.0,NS_3,0.253899991512299,0.4,0.0691149979829788
ea01036f-5b25-47dd-98e3-0d944fd2e670,185.35400390625,0.0,235.0,NS_2,0.319999992847443,0.4,0.0691149979829788
c27513a1-3d09-4f03-9fdd-cdf15cb83dfb,191.636993408203,0.0,265.0,NS_3,0.253899991512299,0.4,0.0691149979829788
d984e978-5734-43e7-ac15-fd8cb4d281a6,163.363006591797,0.0,195.0,NS_1,0.442999988794327,0.4,0.0722566023468971
b3cac110-acef-4ec0-9139-3858a4c36acc,191.636993408203,0.0,265.0,NS_3,0.253899991512299,0.4,0.0691149979829788
c130b080-9569-4398-b66f-ee3ac517daca,191.636993408203,0.0,300.0,MS_2,0.207000002264977,20.0,0.0691149979829788
f66fc57d-f2be-41fd-bc60-d1177b091ac6,191.636993408203,0.0,265.0,NS_3,0.253899991512299,0.4,0.0691149979829788
3d684e78-d7ba-436f-b223-c2f50de8d7ac,185.35400390625,0.0,235.0,NS_2,0.319999992847443,0.4,0.0691149979829788
3654a929-29a8-4945-80df-5fd5a7ab6218,191.636993408203,0.0,265.0,NS_3,0.253899991512299,0.4,0.0691149979829788
71bc51af-be08-413f-8165-90822ffef011,191.636993408203,0.0,300.0,MS_2,0.207000002264977,20.0,0.0691149979829788
3be9f63d-c316-4aa1-8695-6cfcfac29790,191.636993408203,0.0,265.0,NS_3,0.253899991512299,0.4,0.0691149979829788
716ef541-2872-42dc-9304-6c2d840c1f0d,185.35400390625,0.0,235.0,NS_2,0.319999992847443,0.4,0.0691149979829788
f4a72519-d0f2-4208-b7c7-032cb5e5516d,163.363006591797,0.0,195.0,NS_1,0.442999988794327,0.4,0.0722566023468971
6f8f3927-ac51-4b7d-a23e-8e429949f345,185.35400390625,0.0,235.0,NS_2,0.319999992847443,0.4,0.0691149979829788
0b2b2d0b-0bff-4b57-b505-78d70f9a2d96,191.636993408203,0.0,265.0,NS_3,0.253899991512299,0.4,0.0691149979829788
b63674e1-6827-4e8b-b3e6-34ee6d4823a9,191.636993408203,0.0,265.0,NS_3,0.253899991512299,0.4,0.0691149979829788
b423a5cf-ca70-4a11-9b97-07d002a10837,163.363006591797,0.0,195.0,NS_1,0.442999988794327,0.4,0.0722566023468971
87591389-0527-4fe0-8b33-7800b89a50c6,163.363006591797,0.0,195.0,NS_1,0.442999988794327,0.4,0.0722566023468971
9a3869ee-c4b1-4b3a-89ce-02d79a2cf4ad,163.363006591797,0.0,195.0,NS_1,0.442999988794327,0.4,0.0722566023468971
d8c2bfa8-4782-4989-afe9-4f69e3c42ae1,185.35400390625,0.0,235.0,NS_2,0.319999992847443,0.4,0.0691149979829788
f701322d-3c8f-4c18-9259-117ac854df91,185.35400390625,0.0,235.0,NS_2,0.319999992847443,0.4,0.0691149979829788
612f81f3-5f7f-45c7-ad13-f729ef2ee07d,191.636993408203,0.0,265.0,NS_3,0.253899991512299,0.4,0.0691149979829788
51eff3e4-bffc-42b0-89d0-5c4756e128ba,163.363006591797,0.0,195.0,NS_1,0.442999988794327,0.4,0.0722566023468971
459cc17d-3f08-484b-a886-33c987466b5b,85.7655029296875,0.0,361.0,MS_3,0.165999993681908,20.0,0.117200002074242
a4a49bc8-ea2c-4728-8c40-d6863e46f042,163.363006591797,0.0,195.0,NS_1,0.442999988794327,0.4,0.0722566023468971
3cde9801-6334-4e0d-8994-6d18b3906a71,163.363006591797,0.0,195.0,NS_1,0.442999988794327,0.4,0.0722566023468971
d865f47b-3f99-4ba1-973b-4bdb6fe2414b,185.35400390625,0.0,235.0,NS_2,0.319999992847443,0.4,0.0691149979829788
fbd5c9d9-96b2-4270-a927-c7a604f032f1,185.35400390625,0.0,235.0,NS_2,0.319999992847443,0.4,0.0691149979829788
d334240a-49ef-430f-8924-3d3104b636ba,191.636993408203,0.0,265.0,NS_3,0.253899991512299,0.4,0.0691149979829788
5f05acb2-b125-47e1-af39-878997a48981,85.7655029296875,0.0,361.0,MS_3,0.165999993681908,20.0,0.117200002074242
abbe9d99-e6b5-4958-9637-b3a36e3283ce,185.35400390625,0.0,235.0,NS_2,0.319999992847443,0.4,0.0691149979829788
b44c03a0-c838-4de1-b329-e2df2a769d53,191.636993408203,0.0,265.0,NS_3,0.253899991512299,0.4,0.0691149979829788
6ac4e62e-72ef-4772-8148-58586dd8d461,191.636993408203,0.0,265.0,NS_3,0.253899991512299,0.4,0.0691149979829788
744ea833-d481-4583-99e7-4e83728ea176,185.35400390625,0.0,235.0,NS_2,0.319999992847443,0.4,0.0691149979829788
9bcd4dbb-18d3-43af-85e0-e475f6371030,185.35400390625,0.0,235.0,NS_2,0.319999992847443,0.4,0.0691149979829788
1568ffdb-4504-4dce-b1d4-680a286f52b2,185.35400390625,0.0,235.0,NS_2,0.319999992847443,0.4,0.0691149979829788
b6264d92-34ba-49db-bb48-9a1d16e78482,191.636993408203,0.0,265.0,NS_3,0.253899991512299,0.4,0.0691149979829788
9aafec57-d20c-4d25-9a12-0ffb299eddda,191.636993408203,0.0,265.0,NS_3,0.253899991512299,0.4,0.0691149979829788
58f4e0dc-7dd3-4890-af41-0a1730aa0e1d,185.35400390625,0.0,235.0,NS_2,0.319999992847443,0.4,0.0691149979829788
b1614223-e9ef-4551-b50f-074d368a4289,163.363006591797,0.0,195.0,NS_1,0.442999988794327,0.4,0.0722566023468971
69cea08f-72d2-4f65-b4b9-ae0a137da20b,163.363006591797,0.0,195.0,NS_1,0.442999988794327,0.4,0.0722566023468971
5c01eba4-8697-4e06-82f0-7ffd7bb43715,191.636993408203,0.0,300.0,MS_2,0.207000002264977,20.0,0.0691149979829788
0ce5f7e7-51b3-4da3-ad12-1c50dc44c6c9,163.363006591797,0.0,195.0,NS_1,0.442999988794327,0.4,0.0722566023468971
4f86b68c-cbfe-4f1c-b849-dd17c640aa7c,185.35400390625,0.0,235.0,NS_2,0.319999992847443,0.4,0.0691149979829788
ca622ca6-25e3-4ddc-9516-99e2376ded1d,191.636993408203,0.0,265.0,NS_3,0.253899991512299,0.4,0.0691149979829788
1173fa67-2573-4476-aa5e-c3fe756a7f07,191.636993408203,0.0,265.0,NS_3,0.253899991512299,0.4,0.0691149979829788
763854f1-b1c6-44fb-a458-c7878ac026e5,163.363006591797,0.0,195.0,NS_1,0.442999988794327,0.4,0.0722566023468971
82e77523-a1ad-40e4-a7d1-0a9ae55a5b2f,191.636993408203,0.0,265.0,NS_3,0.253899991512299,0.4,0.0691149979829788
3124880e-a2af-42a1-be47-841a8176e7b6,185.35400390625,0.0,235.0,NS_2,0.319999992847443,0.4,0.0691149979829788
235dc9e4-7328-4386-8ca5-ce9c3202210e,163.363006591797,0.0,195.0,NS_1,0.442999988794327,0.4,0.0722566023468971
9a7fdf17-f929-42be-98fb-cf5778ce4358,191.636993408203,0.0,265.0,NS_3,0.253899991512299,0.4,0.0691149979829788
ceb28bd4-0090-4920-bedc-4f66968729dc,191.636993408203,0.0,265.0,NS_3,0.253899991512299,0.4,0.0691149979829788
e4d237c9-b025-4838-8b12-34bbf1265fb9,185.35400390625,0.0,235.0,NS_2,0.319999992847443,0.4,0.0691149979829788
4318646d-6b12-411d-9fe1-6151c5106479,163.363006591797,0.0,195.0,NS_1,0.442999988794327,0.4,0.0722566023468971
ddfd9f5d-c943-4c9a-a019-58ef25e3cbb1,185.35400390625,0.0,235.0,NS_2,0.319999992847443,0.4,0.0691149979829788
b3546eb6-8ac0-42c7-b5ee-ad0ba3cdd21a,191.636993408203,0.0,300.0,MS_2,0.207000002264977,20.0,0.0691149979829788
03877157-9a63-40f9-a4ba-12b86cf2ccd4,185.35400390625,0.0,235.0,NS_2,0.319999992847443,0.4,0.0691149979829788
bc540add-8fdb-43b8-b98a-7989b11ff268,163.363006591797,0.0,195.0,NS_1,0.442999988794327,0.4,0.0722566023468971
01b81835-2d2a-4e5c-bf78-cb1e789f2d0f,185.35400390625,0.0,235.0,NS_2,0.319999992847443,0.4,0.0691149979829788
5287c56e-1a3f-4265-bdf6-bad967e03478,191.636993408203,0.0,265.0,NS_3,0.253899991512299,0.4,0.0691149979829788
afc0f157-2fcd-4435-8cc1-46b29f8c799a,163.363006591797,0.0,195.0,NS_1,0.442999988794327,0.4,0.0722566023468971
2de36fa6-bedc-413d-b9ea-ac1a47459531,191.636993408203,0.0,265.0,NS_3,0.253899991512299,0.4,0.0691149979829788
1659f544-bc4d-40d8-a62b-70dd611bfc33,185.35400390625,0.0,235.0,NS_2,0.319999992847443,0.4,0.0691149979829788
0cbc7c1e-1146-40bc-a87e-a4293f1b8765,191.636993408203,0.0,265.0,NS_3,0.253899991512299,0.4,0.0691149979829788
3bfb3448-4aa4-4390-88ab-b73e539c336f,185.35400390625,0.0,235.0,NS_2,0.319999992847443,0.4,0.0691149979829788
54b7a190-585f-4a05-a07f-840289540a3f,191.636993408203,0.0,265.0,NS_3,0.253899991512299,0.4,0.0691149979829788
c3e20038-888d-4d19-91d0-9732110ff433,163.363006591797,0.0,195.0,NS_1,0.442999988794327,0.4,0.0722566023468971
f1974038-6ca4-4c43-8cf9-b9e6988b035c,163.363006591797,0.0,195.0,NS_1,0.442999988794327,0.4,0.0722566023468971
2cbe87fe-c770-4b7b-b1ac-6e52ea35682a,191.636993408203,0.0,300.0,MS_2,0.207000002264977,20.0,0.0691149979829788
b8e2950a-6213-4502-bcd3-16a287428fbe,191.636993408203,0.0,265.0,NS_3,0.253899991512299,0.4,0.0691149979829788
b8bec046-5587-4a35-a262-233452558bfa,0.0,0.0,800.0,Kabel_110kV_1,0.0283,110.0,0.11
e3a643fe-bba4-4a7f-83db-23b0e03c923c,191.636993408203,0.0,265.0,NS_3,0.253899991512299,0.4,0.0691149979829788
1d393258-37f4-4e4f-a77f-781524a55083,191.636993408203,0.0,265.0,NS_3,0.253899991512299,0.4,0.0691149979829788
4503f215-7ded-4230-9f94-e8ce4f2560ab,191.636993408203,0.0,265.0,NS_3,0.253899991512299,0.4,0.0691149979829788
8c9f87cd-141c-4ba9-a017-5fcde0e542a2,85.7655029296875,0.0,361.0,MS_3,0.165999993681908,20.0,0.117200002074242
138c7831-202a-4f00-9a5f-8c205a810816,185.35400390625,0.0,235.0,NS_2,0.319999992847443,0.4,0.0691149979829788
cbe6053c-f1fc-46e4-8c47-1291d84083ba,163.363006591797,0.0,195.0,NS_1,0.442999988794327,0.4,0.0722566023468971
6e3b7cd2-87cb-4155-a5a8-1e7ad6557a47,191.636993408203,0.0,265.0,NS_3,0.253899991512299,0.4,0.0691149979829788
c940e435-0523-419a-90bc-f3dbf2e463f7,0.0,0.0,1360.0,Freileitung_110kV_2,0.0547,110.0,0.4
b2edb582-9e3e-4381-8807-75abd1710902,163.363006591797,0.0,195.0,NS_1,0.442999988794327,0.4,0.0722566023468971
8ad70eaf-8f88-49ac-9369-556f8d4e4981,85.7655029296875,0.0,361.0,MS_3,0.165999993681908,20.0,0.117200002074242
1846cb8f-2d1f-48ec-a73c-9f9a8392bf1f,85.7655029296875,0.0,361.0,MS_3,0.165999993681908,20.0,0.117200002074242
7b2c7e95-87c7-4c2d-8174-012a138f9c2f,163.363006591797,0.0,195.0,NS_1,0.442999988794327,0.4,0.0722566023468971
be79605e-39e3-4a53-b27c-33b5b80e8832,185.35400390625,0.0,235.0,NS_2,0.319999992847443,0.4,0.0691149979829788
