uuid,cos_phi_rated,dsm,e_cons_annual,id,node,operates_from,operates_until,operator,q_characteristics,s_rated,standard_load_profile
63374b45-aa28-4e06-85c2-704c00754ba8,0.949999988079071,false,4000.0,NS_NET146_L_F1_(20),7d45f0ab-1e6b-452f-b665-c4846cf046f5,,,,"cosPhiFixed:{(0.00,1.00)}",2.3157899379730225,h0
ee726dbd-8a70-4d50-8cc3-cdda596166c7,0.9700000286102295,false,4000.0,NS_NET136_L_S3_3(3),2c5d4eda-6b33-4ad5-a135-7037baa7d6eb,,,,"cosPhiFixed:{(0.00,1.00)}",4.1237101554870605,h0
6f97361f-d4e6-45b5-9bf2-d880d42eae25,0.949999988079071,false,4000.0,NS_NET126_L_F3_(17),462ca5a4-7ac1-4dbe-a1cf-0bb6b9b9b717,,,,"cosPhiFixed:{(0.00,1.00)}",2.3157899379730225,h0
f60efe06-32af-466f-9359-52cc8a59b985,0.949999988079071,false,4000.0,NS_NET126_L_F2_(17),c5457e35-ad81-4427-9d3a-99e4c44ccae8,,,,"cosPhiFixed:{(0.00,1.00)}",2.3157899379730225,h0
c58dc7e4-f6c5-47e1-a914-e566b8aa6385,0.9700000286102295,false,4000.0,NS_NET136_L_S2_2(1),cbcfc3b6-ac90-4215-975c-a033f5cf9912,,,,"cosPhiFixed:{(0.00,1.00)}",4.1237101554870605,h0
a1a11124-0e04-4a0c-bab9-eb68c9f20a9e,0.949999988079071,false,4000.0,NS_NET126_L_F3_(28),e0a6c8e9-7d1f-4965-98b9-e543bacb6b83,,,,"cosPhiFixed:{(0.00,1.00)}",2.3157899379730225,h0
a194f9a2-1380-412b-8285-80ca7ba3a538,0.949999988079071,false,4000.0,NS_NET126_L_F3_(15),ae234bc5-b751-41f2-95ee-b78de124c583,,,,"cosPhiFixed:{(0.00,1.00)}",2.3157899379730225,h0
54f64be5-5966-4c66-8cfa-dd688e59e992,0.9700000286102295,false,4000.0,NS_NET116_L_S3_1(4),4a6f6058-e654-464d-9367-2dca7185c6d7,,,,"cosPhiFixed:{(0.00,1.00)}",4.1237101554870605,h0
33dfa920-da94-44b2-8be9-85a0eeafa626,0.9700000286102295,false,4000.0,NS_NET136_L_S2_5(1),c5af5a34-211a-4105-a8e1-f447140073c6,,,,"cosPhiFixed:{(0.00,1.00)}",4.1237101554870605,h0
eb8622e3-0dd8-42e4-ab49-23b5cec0eb9c,0.9700000286102295,false,4000.0,NS_NET116_L_S3_4(8),36dccefc-f04c-493f-bb88-11343583bf9f,,,,"cosPhiFixed:{(0.00,1.00)}",4.1237101554870605,h0
3df803d8-4af6-426e-a51a-4b736ff06d51,0.949999988079071,false,4000.0,NS_NET146_L_F2_(20),2aa2d409-8bb2-477d-ac7a-6439552e136a,,,,"cosPhiFixed:{(0.00,1.00)}",2.3157899379730225,h0
916670c1-1575-4fe8-acb0-1dcf1c218386,0.9700000286102295,false,4000.0,NS_NET116_L_S2_2(6),d53ff076-dadd-44f8-85d4-68f48991f7d0,,,,"cosPhiFixed:{(0.00,1.00)}",4.1237101554870605,h0
acc82c39-9615-4a9b-83a5-76c4704cbee0,0.949999988079071,false,4000.0,NS_NET146_L_F3_(13),bdf97a4d-622c-4251-8183-8b1a696f376e,,,,"cosPhiFixed:{(0.00,1.00)}",2.3157899379730225,h0
209cebb3-6706-49d0-af2c-b2ae23ca3873,0.9700000286102295,false,4000.0,MS4_Last_03,85ea3976-1779-4d46-bd6f-dfd36427ebdf,,,,"cosPhiFixed:{(0.00,1.00)}",400.0,h0
038c506d-59b4-406b-88b0-7f74719c55e7,0.9700000286102295,false,4000.0,NS_NET136_L_S3_5(3),3bc8235b-03b5-489b-81a2-58d520fbe28e,,,,"cosPhiFixed:{(0.00,1.00)}",4.1237101554870605,h0
3cec8f8c-5a69-4813-a788-11cfbd48f718,0.9700000286102295,false,4000.0,NS_NET126_L_F1_(37),3e4cce4a-6e85-4ec2-b3ea-08673a0ada15,,,,"cosPhiFixed:{(0.00,1.00)}",2.0618600845336914,h0
f817f48f-b565-44a8-9cf9-6824c9bbd012,0.9700000286102295,false,4000.0,NS_NET136_L_S2_3(6),fd534474-cd65-47aa-8005-dc50d17d6920,,,,"cosPhiFixed:{(0.00,1.00)}",4.1237101554870605,h0
fae24064-659b-4f3b-80f9-c3ecf337cb25,0.949999988079071,false,4000.0,NS_NET146_L_F2_(7),f1cef042-1fc4-4bd8-b17f-dfbded4f2aaa,,,,"cosPhiFixed:{(0.00,1.00)}",2.3157899379730225,h0
7b8abd75-9967-4505-b919-3accd78908e4,0.949999988079071,false,4000.0,NS_NET146_L_F3_(19),810bebb0-0d5c-4899-b213-3207be661248,,,,"cosPhiFixed:{(0.00,1.00)}",2.3157899379730225,h0
36d59a0a-17a5-4955-996b-e3aafb86f4f1,0.949999988079071,false,4000.0,NS_NET126_L_F3_(23),33f346bd-7dc5-4140-8ed0-7d7db4cc0f6f,,,,"cosPhiFixed:{(0.00,1.00)}",2.3157899379730225,h0
0cdea42f-57da-4a8a-bd83-c4252b7868bf,0.9700000286102295,false,4000.0,NS_NET136_L_S2_3(8),fd534474-cd65-47aa-8005-dc50d17d6920,,,,"cosPhiFixed:{(0.00,1.00)}",4.1237101554870605,h0
c27ac6bb-5227-42d4-832f-985d69bc9c4e,0.949999988079071,false,4000.0,NS_NET146_L_F3_(1),22e58399-428f-4633-9ee4-e5fa0db68d6d,,,,"cosPhiFixed:{(0.00,1.00)}",2.3157899379730225,h0
60492496-1ab3-4b51-b2c4-245f44a4ce45,0.9700000286102295,false,4000.0,NS_NET136_L_S2_5(5),c5af5a34-211a-4105-a8e1-f447140073c6,,,,"cosPhiFixed:{(0.00,1.00)}",4.1237101554870605,h0
8387b2f1-1e5f-4d85-8ca1-a78a44b09788,0.949999988079071,false,4000.0,NS_NET126_L_F2_(5),c8b1fd67-2f03-4153-8ed3-284e7a721ec5,,,,"cosPhiFixed:{(0.00,1.00)}",2.3157899379730225,h0
6993add7-7f94-4f50-b87a-0b77dc41c421,0.9700000286102295,false,4000.0,NS_NET116_L_S1_3(6),e4c8b492-965c-4b5a-8d14-e8ff2c027ce9,,,,"cosPhiFixed:{(0.00,1.00)}",4.1237101554870605,h0
bab50a41-657d-454b-91eb-3e64de845098,0.9700000286102295,false,4000.0,NS_NET136_L_S1_3(4),eb95ff15-56db-4463-bb54-0ee131167812,,,,"cosPhiFixed:{(0.00,1.00)}",4.1237101554870605,h0
a6ce4a93-174a-4ca0-92bb-f09abc579d81,0.9700000286102295,false,4000.0,NS_NET136_L_S3_2(1),b46d4395-6724-4830-ba55-357e81fc2814,,,,"cosPhiFixed:{(0.00,1.00)}",4.1237101554870605,h0
cd65e476-ba5b-46be-b87d-a689b79269eb,0.949999988079071,false,4000.0,NS_NET126_L_F3_(3),69aeb4a6-1c4b-4953-bad9-54fc0c7e495b,,,,"cosPhiFixed:{(0.00,1.00)}",2.3157899379730225,h0
4cbcffbf-d9c8-463a-8f11-6990fbda235e,0.9700000286102295,false,4000.0,NS_NET116_L_S1_1(2),8a50fb37-81cf-47c9-8850-a12b4391e2e7,,,,"cosPhiFixed:{(0.00,1.00)}",4.1237101554870605,h0
6559c5f4-c9ed-4f01-af36-72d18f04ca9a,0.949999988079071,false,4000.0,NS_NET126_L_F1_(15),41c0087f-ce27-4da3-97d2-92d711b639b4,,,,"cosPhiFixed:{(0.00,1.00)}",2.3157899379730225,h0
d4d3ea3e-cce2-480b-9a7c-bbdd1a7c96ad,0.949999988079071,false,4000.0,NS_NET126_L_F1_(8),f717b05b-f4e7-43d9-af9e-638e2badee5a,,,,"cosPhiFixed:{(0.00,1.00)}",2.3157899379730225,h0
fe02ae6f-bb61-4ab9-83db-43a41f32b0c8,0.9700000286102295,false,4000.0,MS2_Last_02,535843a3-cf93-412f-b4d7-585337791ba8,,,,"cosPhiFixed:{(0.00,1.00)}",400.0,h0
d12ce59d-2cf8-4186-9174-46a8b7f7c9cf,0.949999988079071,false,4000.0,NS_NET146_L_F4_(10),ffcaf979-d707-4d25-8f46-f436f9792d7f,,,,"cosPhiFixed:{(0.00,1.00)}",2.3157899379730225,h0
beb7a9e2-4394-4808-af58-d984ab871f98,0.9700000286102295,false,4000.0,NS_NET116_L_S2_2(3),d53ff076-dadd-44f8-85d4-68f48991f7d0,,,,"cosPhiFixed:{(0.00,1.00)}",4.1237101554870605,h0
3e0d4895-f0c4-4b4d-8eeb-8c8e24e3e610,0.9700000286102295,false,4000.0,NS_NET136_L_S2_2(7),cbcfc3b6-ac90-4215-975c-a033f5cf9912,,,,"cosPhiFixed:{(0.00,1.00)}",4.1237101554870605,h0
ea51cb96-068f-4359-b1d0-27438ce87b49,0.9700000286102295,false,4000.0,NS_NET146_L_F1_(31),5e213f42-d93e-45c5-a295-adbe09105746,,,,"cosPhiFixed:{(0.00,1.00)}",2.0618600845336914,h0
040e8122-1873-4622-952d-87ddef148e7e,0.949999988079071,false,4000.0,NS_NET126_L_F2_(1),196fe620-d4a7-45f9-93ad-0579e2bcbb9a,,,,"cosPhiFixed:{(0.00,1.00)}",2.3157899379730225,h0
c3434742-e4f0-49e5-baa7-c1e3045c732c,0.9700000286102295,false,4000.0,NS_NET116_L_S1_5(1),92301422-94ae-48ab-89c7-a69eea9450b2,,,,"cosPhiFixed:{(0.00,1.00)}",4.1237101554870605,h0
7513eb4a-3244-40fb-b500-0132947a02e0,0.9700000286102295,false,4000.0,MS3_Last_02,b6b1b9fc-e7d8-492d-8601-84c1e756bd83,,,,"cosPhiFixed:{(0.00,1.00)}",400.0,h0
0ccf950e-a9bf-4de8-ac3f-5ca04a3f0b60,0.9700000286102295,false,4000.0,NS_NET136_L_S3_5(6),3bc8235b-03b5-489b-81a2-58d520fbe28e,,,,"cosPhiFixed:{(0.00,1.00)}",4.1237101554870605,h0
81a6ed8d-f29e-4478-bbf3-ccb6514922f2,0.949999988079071,false,4000.0,NS_NET146_L_F4_(7),bea7ca63-3ae4-4280-8127-fe2c7fd5ea2d,,,,"cosPhiFixed:{(0.00,1.00)}",2.3157899379730225,h0
080e6ab5-8021-43c0-bf9f-2424ec0a1de8,0.949999988079071,false,4000.0,NS_NET126_L_F3_(30),443c1513-fdeb-4e29-ae89-5ea47c0b1d3f,,,,"cosPhiFixed:{(0.00,1.00)}",2.3157899379730225,h0
89f93344-8dc3-46ea-805b-8c43bffc7577,0.949999988079071,false,4000.0,NS_NET126_L_F4_(15),55b3d03f-2204-4ab3-84cc-a28476868c9d,,,,"cosPhiFixed:{(0.00,1.00)}",2.3157899379730225,h0
996313f2-93af-477c-92dc-2011a43afd7c,0.9700000286102295,false,4000.0,NS_NET136_L_S1_5(5),926d6113-933f-49e3-9529-a3035acdc9b2,,,,"cosPhiFixed:{(0.00,1.00)}",4.1237101554870605,h0
c79513d2-7d86-45be-ab44-3bd13f502a5b,0.9700000286102295,false,4000.0,NS_NET136_L_S1_3(1),eb95ff15-56db-4463-bb54-0ee131167812,,,,"cosPhiFixed:{(0.00,1.00)}",4.1237101554870605,h0
692728c7-5ecf-4c0a-8ead-ae19fc029ba4,0.9700000286102295,false,4000.0,NS_NET116_L_S2_5(6),32bd37df-255b-4eb2-9d16-5b711132eee6,,,,"cosPhiFixed:{(0.00,1.00)}",4.1237101554870605,h0
b8ad6547-aa55-4fca-ad0c-b5a0078b2203,0.949999988079071,false,4000.0,NS_NET126_L_F1_(14),b7baa286-cbe2-4143-a08f-4e025af47529,,,,"cosPhiFixed:{(0.00,1.00)}",2.3157899379730225,h0
aff03ab3-9595-499f-931c-8730b1350a2c,0.949999988079071,false,4000.0,NS_NET146_L_F2_(12),8254d91b-e5da-4402-bb8f-301eafa09d28,,,,"cosPhiFixed:{(0.00,1.00)}",2.3157899379730225,h0
0610df61-bdb9-45d1-ab48-a72dca4079c4,0.949999988079071,false,4000.0,NS_NET146_L_F1_(1),4f28e734-5148-4caf-ac64-270231740cbf,,,,"cosPhiFixed:{(0.00,1.00)}",2.3157899379730225,h0
fd17352b-b2ad-4e77-92cf-08b48a1ba757,0.9700000286102295,false,4000.0,NS_NET116_L_S1_2(2),3e21f3a1-2c9c-4138-bcc9-466b004609ed,,,,"cosPhiFixed:{(0.00,1.00)}",4.1237101554870605,h0
12c58b41-2ebb-4bc0-8ca2-a3693d5d5f8b,0.949999988079071,false,4000.0,NS_NET126_L_F3_(1),2fe5100e-d4e8-4bc4-9c7c-bcc0fc56f518,,,,"cosPhiFixed:{(0.00,1.00)}",2.3157899379730225,h0
e8443260-ac5c-4210-9f84-4f40cec0b63b,0.949999988079071,false,4000.0,NS_NET126_L_F2_(13),b32c5f5e-b6b8-41ed-a192-078e1aed05ac,,,,"cosPhiFixed:{(0.00,1.00)}",2.3157899379730225,h0
598f0d53-7c8f-435b-b333-95b6f4d359f2,0.949999988079071,false,4000.0,NS_NET126_L_F3_(31),67af7db0-0fd8-4657-bb4f-43a2141b9f73,,,,"cosPhiFixed:{(0.00,1.00)}",2.3157899379730225,h0
1fb9be59-d27c-4748-a090-db5a58063d82,0.949999988079071,false,4000.0,NS_NET126_L_F4_(6),e3a40690-d085-4796-9fcb-48d776e58594,,,,"cosPhiFixed:{(0.00,1.00)}",2.3157899379730225,h0
16f7000e-1f95-4003-bbbf-8c73cfd02763,0.9700000286102295,false,4000.0,NS_NET116_L_S3_2(2),550ebca7-1455-44eb-9431-ffbf08e58bd4,,,,"cosPhiFixed:{(0.00,1.00)}",4.1237101554870605,h0
be63473d-a375-4ce7-9970-80358e5c54bd,0.9700000286102295,false,4000.0,NS_NET136_L_S3_2(3),b46d4395-6724-4830-ba55-357e81fc2814,,,,"cosPhiFixed:{(0.00,1.00)}",4.1237101554870605,h0
8d50a47b-95ce-4a8e-84a3-80d5781dcc53,0.9700000286102295,false,4000.0,MS4_Last_01,77fc154f-f41c-4e75-bbb1-b7fca68b2f4e,,,,"cosPhiFixed:{(0.00,1.00)}",400.0,h0
3e3225f9-2dd9-402d-9a0d-1d8cde60b1f6,0.949999988079071,false,4000.0,NS_NET126_L_F2_(4),cdda8fa5-9a18-4f3e-951d-1ec0009191b4,,,,"cosPhiFixed:{(0.00,1.00)}",2.3157899379730225,h0
b89b8560-b729-46d5-8aa1-3c678dd30be4,0.9700000286102295,false,4000.0,NS_NET136_L_S2_4(5),81cd3f38-867b-4a71-ba22-cb33834e0e58,,,,"cosPhiFixed:{(0.00,1.00)}",4.1237101554870605,h0
10b5f3d3-60c9-45b9-a70e-fa75140e9a9d,0.9700000286102295,false,4000.0,NS_NET136_L_S1_5(3),926d6113-933f-49e3-9529-a3035acdc9b2,,,,"cosPhiFixed:{(0.00,1.00)}",4.1237101554870605,h0
62b0b771-b773-4b25-af1d-bbd8a7ad68d4,0.949999988079071,false,4000.0,NS_NET126_L_F2_(8),366a70fb-8d7f-4201-9eca-0fcbc839239d,,,,"cosPhiFixed:{(0.00,1.00)}",2.3157899379730225,h0
de3eef0c-2f09-4f57-a04b-dae5011fac7a,0.949999988079071,false,4000.0,NS_NET126_L_F4_(12),6a4547a8-630b-46e4-8144-9cd649e67c07,,,,"cosPhiFixed:{(0.00,1.00)}",2.3157899379730225,h0
6a4d97c2-3c6b-4fb8-91a6-2c9a2f9523b1,0.949999988079071,false,4000.0,NS_NET126_L_F3_(21),5af425fa-6ed7-43e1-8898-7af1315128c5,,,,"cosPhiFixed:{(0.00,1.00)}",2.3157899379730225,h0
590108ac-416d-44fe-b574-4069cea1dbb1,0.9700000286102295,false,4000.0,MS3_Last_04,4dd439ed-7cc3-45b4-a2ca-ae615b97a23c,,,,"cosPhiFixed:{(0.00,1.00)}",320.0,h0
2a9149a4-4778-41d8-8865-090499833016,0.9700000286102295,false,4000.0,NS_NET116_L_S2_1(1),39112046-8953-4e73-a5d9-6a8183a77436,,,,"cosPhiFixed:{(0.00,1.00)}",4.1237101554870605,h0
c9acf3dd-2d38-47f1-9449-421104c47171,0.9700000286102295,false,4000.0,NS_NET116_L_S3_1(8),4a6f6058-e654-464d-9367-2dca7185c6d7,,,,"cosPhiFixed:{(0.00,1.00)}",4.1237101554870605,h0
f8a76852-55d7-4a20-99a7-cf1fb5a5b1b0,0.949999988079071,false,4000.0,NS_NET146_L_F2_(17),40537c84-c812-4231-bd23-0ba81922e937,,,,"cosPhiFixed:{(0.00,1.00)}",2.3157899379730225,h0
63fb1af5-91e5-472b-b798-b2846cf701ba,0.949999988079071,false,4000.0,NS_NET146_L_F2_(16),8f2ba96f-a47a-46d3-b5a1-d19de0a32419,,,,"cosPhiFixed:{(0.00,1.00)}",2.3157899379730225,h0
46644e3e-b00c-4707-ae8d-94fed9f0adcd,0.9700000286102295,false,4000.0,NS_NET126_L_F1_(38),06b7f21a-d6d7-4ec0-94c6-141845f14986,,,,"cosPhiFixed:{(0.00,1.00)}",2.0618600845336914,h0
8221a6b1-eff3-48fe-88ab-0685a9f59cce,0.9700000286102295,false,4000.0,NS_NET116_L_S1_2(8),3e21f3a1-2c9c-4138-bcc9-466b004609ed,,,,"cosPhiFixed:{(0.00,1.00)}",4.1237101554870605,h0
4dca3b1d-5d24-444a-b4df-f4fa23b9ef1b,0.949999988079071,false,4000.0,HS_NET1_L_S1,00d03670-7833-47ee-ad52-04d18d1c64fd,,,,"cosPhiFixed:{(0.00,1.00)}",42105.30078125,h0
5f56df23-f5b3-42d0-9896-85015f7b1274,0.949999988079071,false,4000.0,NS_NET126_L_F2_(28),5d1cce49-e000-4a33-a0ea-f3685f8cc5a3,,,,"cosPhiFixed:{(0.00,1.00)}",2.3157899379730225,h0
e9660cc3-b2b6-4b8d-8673-dd3bcb6305fe,0.9700000286102295,false,4000.0,NS_NET116_L_S2_1(2),39112046-8953-4e73-a5d9-6a8183a77436,,,,"cosPhiFixed:{(0.00,1.00)}",4.1237101554870605,h0
62a4a30c-7bf2-4813-a00e-7002b8c56832,0.9700000286102295,false,4000.0,NS_NET136_L_S1_3(3),eb95ff15-56db-4463-bb54-0ee131167812,,,,"cosPhiFixed:{(0.00,1.00)}",4.1237101554870605,h0
11e776fa-ecc1-4332-821f-d7e56758b988,0.9700000286102295,false,4000.0,NS_NET116_L_S2_2(1),d53ff076-dadd-44f8-85d4-68f48991f7d0,,,,"cosPhiFixed:{(0.00,1.00)}",4.1237101554870605,h0
7194cc61-5445-43a9-9039-ddde7ab2be55,0.949999988079071,false,4000.0,NS_NET126_L_F3_(11),4258f215-5b22-446f-a260-e8cdaa7c95d1,,,,"cosPhiFixed:{(0.00,1.00)}",2.3157899379730225,h0
eed8fa68-08b5-49f3-a6d7-2632fe7b13b9,0.9700000286102295,false,4000.0,NS_NET116_L_S3_1(3),4a6f6058-e654-464d-9367-2dca7185c6d7,,,,"cosPhiFixed:{(0.00,1.00)}",4.1237101554870605,h0
3a278137-bf5c-4e2d-96c5-4779bcf947c0,0.9700000286102295,false,4000.0,NS_NET136_L_S3_2(2),b46d4395-6724-4830-ba55-357e81fc2814,,,,"cosPhiFixed:{(0.00,1.00)}",4.1237101554870605,h0
666ac620-2151-430e-a9a1-624be6c61cb8,0.9700000286102295,false,4000.0,NS_NET116_L_S3_5(5),b9a28095-68f7-44c1-9ccc-6efc5ea84c59,,,,"cosPhiFixed:{(0.00,1.00)}",4.1237101554870605,h0
8bad5752-c9c1-4669-802d-b1c4c7bbb909,0.9700000286102295,false,4000.0,NS_NET136_L_S3_1(5),416fa5eb-2f72-46c3-978f-6a0ebb714a40,,,,"cosPhiFixed:{(0.00,1.00)}",4.1237101554870605,h0
9c5991bc-24df-496b-b4ce-5ec27657454c,0.949999988079071,false,4000.0,HS_NET1_L_S2,dfae9806-9b44-4995-ba27-d66d8e4a43e0,,,,"cosPhiFixed:{(0.00,1.00)}",42105.30078125,h0
9f0d4b5f-7563-40bc-b20e-bc54a96e9019,0.9700000286102295,false,4000.0,NS_NET146_L_F1_(30),9f95c733-71e2-4bf0-a27a-70144518ea2c,,,,"cosPhiFixed:{(0.00,1.00)}",2.0618600845336914,h0
5d4b96bf-a6ad-4026-b97a-4e6d77896480,0.9700000286102295,false,4000.0,NS_NET116_L_S2_2(4),d53ff076-dadd-44f8-85d4-68f48991f7d0,,,,"cosPhiFixed:{(0.00,1.00)}",4.1237101554870605,h0
a964d9b8-a035-41df-86c0-4c5306af2158,0.9700000286102295,false,4000.0,NS_NET116_L_S2_4(7),e05c68b1-11cd-43fd-a4b2-31e4db380c78,,,,"cosPhiFixed:{(0.00,1.00)}",4.1237101554870605,h0
1a2d5842-96f6-452f-aa82-6064618d5f49,0.949999988079071,false,4000.0,NS_NET126_L_F3_(29),f0f8f187-5dbf-46ab-8a43-d6169ab5042d,,,,"cosPhiFixed:{(0.00,1.00)}",2.3157899379730225,h0
2596f43d-e805-46b6-a79a-adf9f21fee96,0.949999988079071,false,4000.0,NS_NET126_L_F3_(2),285a4caa-2da8-4bd2-8a60-7d04f168f378,,,,"cosPhiFixed:{(0.00,1.00)}",2.3157899379730225,h0
0944b3b6-15e3-4704-b50d-fa1e407ade7e,0.9700000286102295,false,4000.0,NS_NET116_L_S1_3(7),e4c8b492-965c-4b5a-8d14-e8ff2c027ce9,,,,"cosPhiFixed:{(0.00,1.00)}",4.1237101554870605,h0
742de2f0-f057-47d0-83a3-9f57f84eb314,0.949999988079071,false,4000.0,NS_NET126_L_F4_(1),3f63be7c-7f1a-4e7e-87ee-90ada222f64a,,,,"cosPhiFixed:{(0.00,1.00)}",2.3157899379730225,h0
1e79cec6-2546-4e64-92fc-c509d4eea216,0.9700000286102295,false,4000.0,NS_NET126_L_F1_(32),49b511fa-8cff-45f4-9a59-54faaaf90abf,,,,"cosPhiFixed:{(0.00,1.00)}",2.0618600845336914,h0
b47f1063-12e8-4b1f-a015-6c5be821a24e,0.949999988079071,false,4000.0,NS_NET126_L_F3_(22),61ee5ff6-eb38-4b27-a3f6-cb574d1f8b41,,,,"cosPhiFixed:{(0.00,1.00)}",2.3157899379730225,h0
ea515ef0-c8e1-4e3f-9420-577ba394c7dc,0.9700000286102295,false,4000.0,NS_NET136_L_S3_3(7),2c5d4eda-6b33-4ad5-a135-7037baa7d6eb,,,,"cosPhiFixed:{(0.00,1.00)}",4.1237101554870605,h0
bedce1e8-d623-469a-b7ff-bb618588bb3e,0.949999988079071,false,4000.0,NS_NET126_L_F2_(2),5981fe65-3c92-4a78-af92-1461904046d0,,,,"cosPhiFixed:{(0.00,1.00)}",2.3157899379730225,h0
48ae1ea4-e001-4152-b54c-320fc9f35e92,0.949999988079071,false,4000.0,NS_NET126_L_F4_(5),de5ee252-ebb6-42b0-875c-77ae557ffbf6,,,,"cosPhiFixed:{(0.00,1.00)}",2.3157899379730225,h0
61c9c21b-38a5-45b3-8a41-60df0bb698ee,0.949999988079071,false,4000.0,NS_NET146_L_F1_(22),1ee9de9a-0095-4b58-beeb-e56fb908844a,,,,"cosPhiFixed:{(0.00,1.00)}",2.3157899379730225,h0
c3df03ac-0dff-4304-b327-3e88d023f692,0.949999988079071,false,4000.0,NS_NET126_L_F1_(25),3a2f199c-2966-4b9a-939b-3a6c9924341c,,,,"cosPhiFixed:{(0.00,1.00)}",2.3157899379730225,h0
8a5a7de2-d61c-4172-b917-7404a2aba038,0.9700000286102295,false,4000.0,NS_NET116_L_S3_4(3),36dccefc-f04c-493f-bb88-11343583bf9f,,,,"cosPhiFixed:{(0.00,1.00)}",4.1237101554870605,h0
5012a529-b7d2-4f9e-a2d4-90641470cba2,0.9700000286102295,false,4000.0,NS_NET136_L_S3_2(8),b46d4395-6724-4830-ba55-357e81fc2814,,,,"cosPhiFixed:{(0.00,1.00)}",4.1237101554870605,h0
deb6456a-d472-4f1e-8698-006e8cd51dfc,0.9700000286102295,false,4000.0,NS_NET136_L_S1_4(5),ed4697fd-016c-40c2-a66b-e793878dadea,,,,"cosPhiFixed:{(0.00,1.00)}",4.1237101554870605,h0
182f6157-58ea-4fe2-92a2-90845427fbd0,0.949999988079071,false,4000.0,NS_NET126_L_F3_(13),f29859be-c6e7-4cf9-84d7-239eb98a9e65,,,,"cosPhiFixed:{(0.00,1.00)}",2.3157899379730225,h0
a610a50c-de39-46e6-b53b-95e3868d1072,0.949999988079071,false,4000.0,NS_NET126_L_F2_(11),6678c226-c5d2-4ce3-9728-dc1163be799f,,,,"cosPhiFixed:{(0.00,1.00)}",2.3157899379730225,h0
f855cedf-e3f0-4c0f-addd-c57deb4f9e03,0.9700000286102295,false,4000.0,NS_NET116_L_S3_5(2),b9a28095-68f7-44c1-9ccc-6efc5ea84c59,,,,"cosPhiFixed:{(0.00,1.00)}",4.1237101554870605,h0
759ff1e6-5ad6-4701-bbe1-059c08a1781d,0.949999988079071,false,4000.0,NS_NET146_L_F4_(15),576840db-7d3c-417b-b587-28b222e740e1,,,,"cosPhiFixed:{(0.00,1.00)}",2.3157899379730225,h0
12c85bfd-a5a1-4812-b168-86b94f624f18,0.9700000286102295,false,4000.0,NS_NET116_L_S2_3(8),df9c3d91-41a0-4e49-bb1f-1cd2a8fd9a2e,,,,"cosPhiFixed:{(0.00,1.00)}",4.1237101554870605,h0
10963efb-44d7-49bf-b926-c2d29239de60,0.949999988079071,false,4000.0,NS_NET126_L_F2_(3),8f422111-67d7-42f0-9f80-fbd0ec64c4fc,,,,"cosPhiFixed:{(0.00,1.00)}",2.3157899379730225,h0
3ad0235e-751b-4682-89a5-b359aef0dd98,0.9700000286102295,false,4000.0,NS_NET136_L_S1_3(2),eb95ff15-56db-4463-bb54-0ee131167812,,,,"cosPhiFixed:{(0.00,1.00)}",4.1237101554870605,h0
02e0c339-6dfd-4cbc-bebf-56b850053a7c,0.949999988079071,false,4000.0,NS_NET146_L_F1_(3),b237dd88-bcba-4a7c-aee6-c0c3e151e14e,,,,"cosPhiFixed:{(0.00,1.00)}",2.3157899379730225,h0
f2f13d1d-3643-4d94-b519-94ea266b8816,0.9700000286102295,false,4000.0,NS_NET116_L_S3_5(3),b9a28095-68f7-44c1-9ccc-6efc5ea84c59,,,,"cosPhiFixed:{(0.00,1.00)}",4.1237101554870605,h0
be985e5e-19b6-49c4-bb64-f37a627be13b,0.9700000286102295,false,4000.0,NS_NET126_L_F1_(35),c5f7ffbc-2e23-46d4-9e0c-356008e5ff56,,,,"cosPhiFixed:{(0.00,1.00)}",2.0618600845336914,h0
550f9346-fe14-46ef-bd54-00980834e0d6,0.9700000286102295,false,4000.0,NS_NET126_L_F1_(34),17f7a477-d9c7-4f58-8ba0-1a2694dcc874,,,,"cosPhiFixed:{(0.00,1.00)}",2.0618600845336914,h0
ef07774d-107b-4536-8d1d-45c28f755a80,0.9700000286102295,false,4000.0,NS_NET136_L_S3_3(6),2c5d4eda-6b33-4ad5-a135-7037baa7d6eb,,,,"cosPhiFixed:{(0.00,1.00)}",4.1237101554870605,h0
520e2b61-ef52-406a-bc3d-83fd47da2696,0.949999988079071,false,4000.0,NS_NET146_L_F4_(13),b608d71e-3ede-4156-a015-3f6e1d22242a,,,,"cosPhiFixed:{(0.00,1.00)}",2.3157899379730225,h0
ab0d8c5c-fc68-4ae0-87a9-8edfa3b25339,0.949999988079071,false,4000.0,NS_NET126_L_F1_(4),ff947647-b551-41ae-bcfd-6af228250c96,,,,"cosPhiFixed:{(0.00,1.00)}",2.3157899379730225,h0
9cff3e75-4374-48fc-a20a-27968427dc1a,0.949999988079071,false,4000.0,NS_NET126_L_F3_(5),f6272655-bd7e-4d2d-8bdd-285f3ac0d3e8,,,,"cosPhiFixed:{(0.00,1.00)}",2.3157899379730225,h0
1b64ea94-b338-40aa-92c8-144c7caaa8c2,0.9700000286102295,false,4000.0,MS1_Last_05,c1c3b5c2-c79e-4368-a8ae-28fd0f4e357a,,,,"cosPhiFixed:{(0.00,1.00)}",320.0,h0
59f1999e-008d-47f0-b99d-1305fcb8f525,0.9700000286102295,false,4000.0,NS_NET136_L_S1_4(7),ed4697fd-016c-40c2-a66b-e793878dadea,,,,"cosPhiFixed:{(0.00,1.00)}",4.1237101554870605,h0
086208d0-52d4-4198-9f3d-966aa7a5557e,0.9700000286102295,false,4000.0,NS_NET136_L_S3_5(7),3bc8235b-03b5-489b-81a2-58d520fbe28e,,,,"cosPhiFixed:{(0.00,1.00)}",4.1237101554870605,h0
660e69f8-cba2-45d0-9d0c-f7d5be09451d,0.9700000286102295,false,4000.0,NS_NET136_L_S2_2(6),cbcfc3b6-ac90-4215-975c-a033f5cf9912,,,,"cosPhiFixed:{(0.00,1.00)}",4.1237101554870605,h0
ef6f6592-1b85-4204-82e1-c33a6ed3d582,0.9700000286102295,false,4000.0,NS_NET136_L_S1_2(1),032768b4-2426-4abf-806b-83813ac5137a,,,,"cosPhiFixed:{(0.00,1.00)}",4.1237101554870605,h0
ef94c79c-ade7-4215-ba16-0bb14d558aab,0.949999988079071,false,4000.0,NS_NET146_L_F1_(13),f1e55c8b-357f-45a7-9d57-e299f9b207f3,,,,"cosPhiFixed:{(0.00,1.00)}",2.3157899379730225,h0
ca863e7f-1e42-4716-a214-e79fa91b3222,0.9700000286102295,false,4000.0,NS_NET116_L_S3_5(8),b9a28095-68f7-44c1-9ccc-6efc5ea84c59,,,,"cosPhiFixed:{(0.00,1.00)}",4.1237101554870605,h0
66f30a61-7722-48a7-a527-99ff55e12754,0.9700000286102295,false,4000.0,NS_NET136_L_S1_4(8),ed4697fd-016c-40c2-a66b-e793878dadea,,,,"cosPhiFixed:{(0.00,1.00)}",4.1237101554870605,h0
397c7198-feee-4f46-9149-1ef9d31d9ba2,0.9700000286102295,false,4000.0,MS3_Last_01,bb59ca46-1f2e-41c9-9723-90b306f043cd,,,,"cosPhiFixed:{(0.00,1.00)}",400.0,h0
3f47dbb5-8254-43d1-83a8-21385cb666dd,0.949999988079071,false,4000.0,NS_NET126_L_F2_(25),1dcddd06-f41a-405b-9686-7f7942852196,,,,"cosPhiFixed:{(0.00,1.00)}",2.3157899379730225,h0
6ad26a2b-9139-4008-bd91-ba2c8918e1e3,0.949999988079071,false,4000.0,NS_NET126_L_F3_(10),e25387d0-ab9a-406d-bcb4-555414b88b1b,,,,"cosPhiFixed:{(0.00,1.00)}",2.3157899379730225,h0
94203400-1579-4cc0-9395-ac67f94c6c01,0.9700000286102295,false,4000.0,NS_NET136_L_S1_4(3),ed4697fd-016c-40c2-a66b-e793878dadea,,,,"cosPhiFixed:{(0.00,1.00)}",4.1237101554870605,h0
9abc4242-f58f-474a-99fc-613e083e2589,0.9700000286102295,false,4000.0,NS_NET116_L_S1_3(4),e4c8b492-965c-4b5a-8d14-e8ff2c027ce9,,,,"cosPhiFixed:{(0.00,1.00)}",4.1237101554870605,h0
7c03d124-df4a-46c3-9b74-66bd888f750e,0.9700000286102295,false,4000.0,NS_NET116_L_S3_1(7),4a6f6058-e654-464d-9367-2dca7185c6d7,,,,"cosPhiFixed:{(0.00,1.00)}",4.1237101554870605,h0
4c7ee262-a021-408a-aada-27677feeeec9,0.949999988079071,false,4000.0,NS_NET126_L_F1_(17),5fe9c522-37d0-48f8-b3b8-e91b956e39f6,,,,"cosPhiFixed:{(0.00,1.00)}",2.3157899379730225,h0
29a47779-6c11-490f-a0b2-e33c6c7a06b3,0.949999988079071,false,4000.0,NS_NET126_L_F3_(25),1bf26b4d-03cc-4490-8c33-d3db8597d807,,,,"cosPhiFixed:{(0.00,1.00)}",2.3157899379730225,h0
d7f49aa5-ab62-4148-911b-086e8a848af4,0.949999988079071,false,4000.0,NS_NET146_L_F3_(15),d07dc1b0-e29a-452a-84c5-7df7b0bb3141,,,,"cosPhiFixed:{(0.00,1.00)}",2.3157899379730225,h0
25be1a94-a0cc-4de5-acc4-097d9e8639ff,0.9700000286102295,false,4000.0,NS_NET116_L_S3_3(8),d69efff2-ba8b-4aa6-a4a1-27267964147a,,,,"cosPhiFixed:{(0.00,1.00)}",4.1237101554870605,h0
1a155e7e-9636-4760-a84d-430e293142cc,0.9700000286102295,false,4000.0,NS_NET116_L_S1_4(4),b3a7431d-89b0-41cb-87a9-5853890796cd,,,,"cosPhiFixed:{(0.00,1.00)}",4.1237101554870605,h0
7f6b1274-7b1b-4313-8027-6fc4a31f34e0,0.9700000286102295,false,4000.0,NS_NET116_L_S2_4(4),e05c68b1-11cd-43fd-a4b2-31e4db380c78,,,,"cosPhiFixed:{(0.00,1.00)}",4.1237101554870605,h0
3f903ef1-047f-4f28-9d9f-c35b2c440315,0.9700000286102295,false,4000.0,NS_NET116_L_S1_4(8),b3a7431d-89b0-41cb-87a9-5853890796cd,,,,"cosPhiFixed:{(0.00,1.00)}",4.1237101554870605,h0
5aeaccc2-f9cd-4292-9b9a-2e05d5c63fe4,0.9700000286102295,false,4000.0,NS_NET116_L_S1_2(6),3e21f3a1-2c9c-4138-bcc9-466b004609ed,,,,"cosPhiFixed:{(0.00,1.00)}",4.1237101554870605,h0
2b02fad4-245d-4ada-ae5f-0252f2aa59f1,0.949999988079071,false,4000.0,NS_NET146_L_F2_(11),f26b5511-3c50-42d5-97c2-be408330eb84,,,,"cosPhiFixed:{(0.00,1.00)}",2.3157899379730225,h0
449eaff2-92ca-4075-ae9f-2d517e7f0642,0.9700000286102295,false,4000.0,NS_NET116_L_S2_3(6),df9c3d91-41a0-4e49-bb1f-1cd2a8fd9a2e,,,,"cosPhiFixed:{(0.00,1.00)}",4.1237101554870605,h0
7794309a-7ecd-436d-ae38-51bbdab5df11,0.949999988079071,false,4000.0,NS_NET146_L_F3_(6),01bdd8b2-145f-42b3-80e3-a2366dea1044,,,,"cosPhiFixed:{(0.00,1.00)}",2.3157899379730225,h0
a3bcf5fc-5937-4182-8a54-180f9810d21d,0.949999988079071,false,4000.0,NS_NET126_L_F1_(1),4303784e-7193-454a-9be4-3591400b4eeb,,,,"cosPhiFixed:{(0.00,1.00)}",2.3157899379730225,h0
0290a7de-8c73-44d4-9a06-cf469d20c90c,0.9700000286102295,false,4000.0,NS_NET116_L_S1_4(3),b3a7431d-89b0-41cb-87a9-5853890796cd,,,,"cosPhiFixed:{(0.00,1.00)}",4.1237101554870605,h0
5d09da2a-e37c-4cca-93fd-0bf61918a2b2,0.9700000286102295,false,4000.0,NS_NET136_L_S2_3(4),fd534474-cd65-47aa-8005-dc50d17d6920,,,,"cosPhiFixed:{(0.00,1.00)}",4.1237101554870605,h0
c7834ac4-2f72-483e-8ecf-1d0ce715716b,0.9700000286102295,false,4000.0,NS_NET116_L_S2_1(6),39112046-8953-4e73-a5d9-6a8183a77436,,,,"cosPhiFixed:{(0.00,1.00)}",4.1237101554870605,h0
3d297678-497c-4620-ad5e-1e70cea8119d,0.949999988079071,false,4000.0,NS_NET146_L_F3_(5),ce71377d-63ea-462a-9290-67e51946a098,,,,"cosPhiFixed:{(0.00,1.00)}",2.3157899379730225,h0
f870937a-6644-4ef8-9bfd-15835471e775,0.9700000286102295,false,4000.0,NS_NET126_L_F1_(30),519ace7e-fd3f-4797-b14b-36c1694b00cd,,,,"cosPhiFixed:{(0.00,1.00)}",2.0618600845336914,h0
cdf650f2-8200-482a-b5b4-6f96e7f9e0f9,0.949999988079071,false,4000.0,NS_NET126_L_F1_(10),f6a31362-8b0d-4926-b0d0-10bb61db20df,,,,"cosPhiFixed:{(0.00,1.00)}",2.3157899379730225,h0
e733ea74-1c51-4592-9fb3-cc2d0a007450,0.9700000286102295,false,4000.0,NS_NET116_L_S2_4(3),e05c68b1-11cd-43fd-a4b2-31e4db380c78,,,,"cosPhiFixed:{(0.00,1.00)}",4.1237101554870605,h0
95a1e026-be40-4209-9752-fbab3a626b87,0.949999988079071,false,4000.0,NS_NET146_L_F1_(2),ab3645a7-af26-480d-b1bd-5b0fa00dc83f,,,,"cosPhiFixed:{(0.00,1.00)}",2.3157899379730225,h0
f231c4e2-2872-4d83-b486-894d846dc4d7,0.949999988079071,false,4000.0,NS_NET146_L_F2_(10),41414318-73e3-4bdc-8147-570a96b28d37,,,,"cosPhiFixed:{(0.00,1.00)}",2.3157899379730225,h0
08a60d08-3a12-4263-a831-274f3b374cbb,0.9700000286102295,false,4000.0,MS3_Last_03,e4502c52-b4d7-4082-a583-b5688d8244e0,,,,"cosPhiFixed:{(0.00,1.00)}",400.0,h0
7cee8d98-be5b-400c-9655-409e1eae9f6d,0.9700000286102295,false,4000.0,NS_NET136_L_S3_2(6),b46d4395-6724-4830-ba55-357e81fc2814,,,,"cosPhiFixed:{(0.00,1.00)}",4.1237101554870605,h0
a12570e4-afeb-4af8-a86c-9e804eea4886,0.9700000286102295,false,4000.0,NS_NET116_L_S3_5(1),b9a28095-68f7-44c1-9ccc-6efc5ea84c59,,,,"cosPhiFixed:{(0.00,1.00)}",4.1237101554870605,h0
17a02ab8-32b2-436d-8aab-04fbd3809c87,0.949999988079071,false,4000.0,NS_NET146_L_F3_(25),c6c177b0-5004-4db0-8cde-6293330a4757,,,,"cosPhiFixed:{(0.00,1.00)}",2.3157899379730225,h0
0de47e33-a4fb-4a86-839d-ec9ad49a8414,0.9700000286102295,false,4000.0,NS_NET136_L_S2_1(6),4e188ac9-e507-46b1-b8e2-376cf7c6ceb1,,,,"cosPhiFixed:{(0.00,1.00)}",4.1237101554870605,h0
a9f8dce4-b664-4bbd-9e52-c2ca6aa669aa,0.949999988079071,false,4000.0,NS_NET146_L_F1_(19),1f040625-ad1d-409f-bd7e-944c4d805e46,,,,"cosPhiFixed:{(0.00,1.00)}",2.3157899379730225,h0
ff5bf65c-e880-4a49-a286-fd51ce1f48b7,0.9700000286102295,false,4000.0,MS2_Last_03,69f7846e-d979-4c77-8a3b-e2ec2e1f6e76,,,,"cosPhiFixed:{(0.00,1.00)}",400.0,h0
7a17120f-8522-4eca-95aa-f6b5d985103b,0.9700000286102295,false,4000.0,NS_NET116_L_S3_4(7),36dccefc-f04c-493f-bb88-11343583bf9f,,,,"cosPhiFixed:{(0.00,1.00)}",4.1237101554870605,h0
8e9debcb-ce25-450c-b016-170bb7622008,0.9700000286102295,false,4000.0,NS_NET136_L_S3_2(4),b46d4395-6724-4830-ba55-357e81fc2814,,,,"cosPhiFixed:{(0.00,1.00)}",4.1237101554870605,h0
a7de4997-eddc-4306-b1ac-982c1872863b,0.949999988079071,false,4000.0,NS_NET146_L_F1_(6),e3c3c6a3-c383-4dbb-9b3f-a14125615386,,,,"cosPhiFixed:{(0.00,1.00)}",2.3157899379730225,h0
3c9a2f9a-8cd0-42f2-9d16-f6314c741aa3,0.9700000286102295,false,4000.0,NS_NET136_L_S2_1(4),4e188ac9-e507-46b1-b8e2-376cf7c6ceb1,,,,"cosPhiFixed:{(0.00,1.00)}",4.1237101554870605,h0
7388e938-85cb-495b-bb00-30a050b18327,0.9700000286102295,false,4000.0,MS1_Last_01,f5839ade-5968-4879-a824-90b5fb3552cd,,,,"cosPhiFixed:{(0.00,1.00)}",400.0,h0
5f1b7472-2a01-4203-8318-878b1a4460c5,0.9700000286102295,false,4000.0,NS_NET116_L_S3_4(5),36dccefc-f04c-493f-bb88-11343583bf9f,,,,"cosPhiFixed:{(0.00,1.00)}",4.1237101554870605,h0
b16bea09-e042-4bd1-837e-78125b0085dc,0.949999988079071,false,4000.0,NS_NET126_L_F1_(13),847fd5fc-b515-4a9d-8a6f-66df1e71ded2,,,,"cosPhiFixed:{(0.00,1.00)}",2.3157899379730225,h0
c81fa33a-1c21-4646-b43f-b9a93baf04ad,0.949999988079071,false,4000.0,NS_NET146_L_F2_(5),0228ffcd-f6bc-47c8-b26c-fcc0abacd963,,,,"cosPhiFixed:{(0.00,1.00)}",2.3157899379730225,h0
5f2d65fc-7e92-497e-8c51-ead1985d66fa,0.949999988079071,false,4000.0,NS_NET126_L_F2_(24),625bdd2c-a75f-46ef-850c-ca4704d56e55,,,,"cosPhiFixed:{(0.00,1.00)}",2.3157899379730225,h0
12f5a119-679c-4198-b133-a4596816f6d1,0.949999988079071,false,4000.0,NS_NET146_L_F2_(14),9aaf57c4-cc5c-4a01-8c2c-72bc7e231cc9,,,,"cosPhiFixed:{(0.00,1.00)}",2.3157899379730225,h0
05124256-80e0-43cf-a3c5-dc565ef38a07,0.949999988079071,false,4000.0,NS_NET146_L_F3_(27),55caf2ec-a21b-4afd-8830-1e4009cce396,,,,"cosPhiFixed:{(0.00,1.00)}",2.3157899379730225,h0
3c309ec9-42a4-441d-8c0e-e29cefa6bf18,0.949999988079071,false,4000.0,NS_NET126_L_F1_(5),eb21d716-1b54-4dba-bdc2-d1f6752aef85,,,,"cosPhiFixed:{(0.00,1.00)}",2.3157899379730225,h0
388ecdb9-b7e1-429e-990b-b5124fac12cf,0.949999988079071,false,4000.0,NS_NET146_L_F2_(6),5071dd8c-bbc1-4c8d-a180-4492f80e183d,,,,"cosPhiFixed:{(0.00,1.00)}",2.3157899379730225,h0
86cbef43-bde0-41a6-a684-f42fdb4ba527,0.9700000286102295,false,4000.0,NS_NET136_L_S1_4(4),ed4697fd-016c-40c2-a66b-e793878dadea,,,,"cosPhiFixed:{(0.00,1.00)}",4.1237101554870605,h0
860a37f7-7add-4613-bef4-326ee5ea328b,0.949999988079071,false,4000.0,NS_NET146_L_F1_(25),2287c2a8-c2d0-4c63-80b5-6b66a1288df8,,,,"cosPhiFixed:{(0.00,1.00)}",2.3157899379730225,h0
2dcdb711-8872-4e51-ab4c-ef23c685674d,0.9700000286102295,false,4000.0,NS_NET146_L_F1_(35),f5ae3279-fe21-4bb7-849a-eaacb0546b0e,,,,"cosPhiFixed:{(0.00,1.00)}",2.0618600845336914,h0
b03db97b-06ef-406c-a5b3-7e9ca9f7bf66,0.949999988079071,false,4000.0,NS_NET146_L_F4_(17),155bb2dc-0121-413e-ab42-67c2ed5ce6ea,,,,"cosPhiFixed:{(0.00,1.00)}",0.10000000149011612,h0
8f0150c7-b217-43ca-85d5-c1e4d2e903d0,0.9700000286102295,false,4000.0,NS_NET136_L_S3_1(2),416fa5eb-2f72-46c3-978f-6a0ebb714a40,,,,"cosPhiFixed:{(0.00,1.00)}",4.1237101554870605,h0
9c4f5e8d-b780-4e31-9bb0-37e975066beb,0.9700000286102295,false,4000.0,NS_NET116_L_S2_5(8),32bd37df-255b-4eb2-9d16-5b711132eee6,,,,"cosPhiFixed:{(0.00,1.00)}",4.1237101554870605,h0
5f58fa15-aff8-4a9b-bfc0-8ef690d6dba3,0.949999988079071,false,4000.0,NS_NET146_L_F2_(27),b179c38b-5af0-4304-84b1-1dc03314fd80,,,,"cosPhiFixed:{(0.00,1.00)}",2.3157899379730225,h0
f3168cab-a847-4314-9bf9-4dbe269c1c3c,0.949999988079071,false,4000.0,NS_NET146_L_F3_(8),6bc0dda8-25f4-48a6-9645-21e1eed5c6ff,,,,"cosPhiFixed:{(0.00,1.00)}",2.3157899379730225,h0
422a643a-04d2-480b-b107-e8582b36e641,0.9700000286102295,false,4000.0,NS_NET136_L_S2_4(7),81cd3f38-867b-4a71-ba22-cb33834e0e58,,,,"cosPhiFixed:{(0.00,1.00)}",4.1237101554870605,h0
b52b4bea-014e-4aad-8481-2f2761957f69,0.9700000286102295,false,4000.0,NS_NET136_L_S3_4(4),2a816043-d1d2-44a6-8a9b-f61a4933997b,,,,"cosPhiFixed:{(0.00,1.00)}",4.1237101554870605,h0
24de669f-4786-4388-ae36-aaef1ce40ffa,0.949999988079071,false,4000.0,NS_NET126_L_F3_(27),d5b861a6-2a5b-4dec-a66e-adbfc6d62873,,,,"cosPhiFixed:{(0.00,1.00)}",2.3157899379730225,h0
3b9ae1ad-11e5-4fb5-ba03-9027e39c33b4,0.9700000286102295,false,4000.0,NS_NET116_L_S1_3(8),e4c8b492-965c-4b5a-8d14-e8ff2c027ce9,,,,"cosPhiFixed:{(0.00,1.00)}",4.1237101554870605,h0
3fed7598-a77e-4929-9bb3-687e51346cfd,0.9700000286102295,false,4000.0,NS_NET116_L_S3_2(3),550ebca7-1455-44eb-9431-ffbf08e58bd4,,,,"cosPhiFixed:{(0.00,1.00)}",4.1237101554870605,h0
06747e73-c108-40d5-8ce6-6538e38b4ef2,0.949999988079071,false,4000.0,NS_NET126_L_F1_(6),99e26ef8-75e2-46f3-aafc-6287bf5e3905,,,,"cosPhiFixed:{(0.00,1.00)}",2.3157899379730225,h0
28a6872b-abf5-412e-b887-b0503addaa7a,0.9700000286102295,false,4000.0,NS_NET116_L_S3_3(5),d69efff2-ba8b-4aa6-a4a1-27267964147a,,,,"cosPhiFixed:{(0.00,1.00)}",4.1237101554870605,h0
3feb112d-8a47-49eb-b719-d7226b6fe7a0,0.949999988079071,false,4000.0,NS_NET146_L_F2_(18),21359dd1-7a23-4932-b656-c196fbffe751,,,,"cosPhiFixed:{(0.00,1.00)}",2.3157899379730225,h0
3a5e7e35-53ad-48da-89b9-98342a9875ac,0.9700000286102295,false,4000.0,NS_NET136_L_S1_3(7),eb95ff15-56db-4463-bb54-0ee131167812,,,,"cosPhiFixed:{(0.00,1.00)}",4.1237101554870605,h0
de2b452a-9eee-4481-b0f0-72d9ab56a4b5,0.9700000286102295,false,4000.0,NS_NET136_L_S2_3(1),fd534474-cd65-47aa-8005-dc50d17d6920,,,,"cosPhiFixed:{(0.00,1.00)}",4.1237101554870605,h0
d75d06ae-7ac0-491c-87ed-e1bb625e349a,0.9700000286102295,false,4000.0,NS_NET136_L_S2_4(3),81cd3f38-867b-4a71-ba22-cb33834e0e58,,,,"cosPhiFixed:{(0.00,1.00)}",4.1237101554870605,h0
6c4c7e65-4598-4855-b057-25773ffdf5f2,0.9700000286102295,false,4000.0,NS_NET116_L_S1_5(6),92301422-94ae-48ab-89c7-a69eea9450b2,,,,"cosPhiFixed:{(0.00,1.00)}",4.1237101554870605,h0
bc54e624-8931-4188-9405-950e8deae723,0.9700000286102295,false,4000.0,NS_NET136_L_S1_3(6),eb95ff15-56db-4463-bb54-0ee131167812,,,,"cosPhiFixed:{(0.00,1.00)}",4.1237101554870605,h0
d85bcbda-20fb-481b-bb8d-aead291aa3c1,0.9700000286102295,false,4000.0,NS_NET136_L_S3_1(7),416fa5eb-2f72-46c3-978f-6a0ebb714a40,,,,"cosPhiFixed:{(0.00,1.00)}",4.1237101554870605,h0
0c5d8e98-e059-4768-be56-73e0e8914092,0.9700000286102295,false,4000.0,NS_NET136_L_S3_1(3),416fa5eb-2f72-46c3-978f-6a0ebb714a40,,,,"cosPhiFixed:{(0.00,1.00)}",4.1237101554870605,h0
8c2ea045-0890-4ee5-8d66-0ce5f5eba7d1,0.949999988079071,false,4000.0,NS_NET146_L_F4_(12),f8dd541b-4a4d-417e-89ff-a9650ee3aac2,,,,"cosPhiFixed:{(0.00,1.00)}",2.3157899379730225,h0
11bc6378-bb54-4ddb-846f-1488baaf1c00,0.9700000286102295,false,4000.0,NS_NET116_L_S3_3(4),d69efff2-ba8b-4aa6-a4a1-27267964147a,,,,"cosPhiFixed:{(0.00,1.00)}",4.1237101554870605,h0
ab476579-7fb3-408f-a065-73f6d2140fb2,0.9700000286102295,false,4000.0,NS_NET136_L_S3_5(5),3bc8235b-03b5-489b-81a2-58d520fbe28e,,,,"cosPhiFixed:{(0.00,1.00)}",4.1237101554870605,h0
a850c129-beef-48d6-9543-1e217a5349ce,0.9700000286102295,false,4000.0,NS_NET136_L_S1_2(8),032768b4-2426-4abf-806b-83813ac5137a,,,,"cosPhiFixed:{(0.00,1.00)}",4.1237101554870605,h0
8d1ee87d-73a7-46eb-b174-602683d702d9,0.9700000286102295,false,4000.0,NS_NET146_L_F1_(28),012c9eee-86c2-494c-adcc-bbfc481e4a46,,,,"cosPhiFixed:{(0.00,1.00)}",2.0618600845336914,h0
984470e3-f117-4b8c-932f-caeacf10ff2c,0.9700000286102295,false,4000.0,NS_NET116_L_S3_1(2),4a6f6058-e654-464d-9367-2dca7185c6d7,,,,"cosPhiFixed:{(0.00,1.00)}",4.1237101554870605,h0
3f37f3bc-f9cf-4a55-96e4-ee4be9f22a63,0.9700000286102295,false,4000.0,NS_NET116_L_S2_4(2),e05c68b1-11cd-43fd-a4b2-31e4db380c78,,,,"cosPhiFixed:{(0.00,1.00)}",4.1237101554870605,h0
c098f9cd-09c8-4eef-8941-652cb8365992,0.9700000286102295,false,4000.0,NS_NET136_L_S3_1(4),416fa5eb-2f72-46c3-978f-6a0ebb714a40,,,,"cosPhiFixed:{(0.00,1.00)}",4.1237101554870605,h0
89aeade0-ac58-4120-a743-577afdb72b5b,0.949999988079071,false,4000.0,NS_NET146_L_F3_(7),f1e88392-3b2a-4ce8-a31f-c963f08f8043,,,,"cosPhiFixed:{(0.00,1.00)}",2.3157899379730225,h0
99a0a508-d25a-4136-8300-40a676832d35,0.9700000286102295,false,4000.0,NS_NET136_L_S2_3(2),fd534474-cd65-47aa-8005-dc50d17d6920,,,,"cosPhiFixed:{(0.00,1.00)}",4.1237101554870605,h0
d28f1e85-c5ff-41c9-93b7-ba4ea62eb56d,0.949999988079071,false,4000.0,NS_NET126_L_F4_(14),d40a1a85-40f2-4ad3-ba58-720d5ba02268,,,,"cosPhiFixed:{(0.00,1.00)}",2.3157899379730225,h0
3b51a0c6-060f-40ce-b207-6146fde8e724,0.9700000286102295,false,4000.0,NS_NET136_L_S2_1(8),4e188ac9-e507-46b1-b8e2-376cf7c6ceb1,,,,"cosPhiFixed:{(0.00,1.00)}",4.1237101554870605,h0
7063fecf-8601-4a03-8dfe-410b2419133b,0.949999988079071,false,4000.0,NS_NET146_L_F3_(32),fd3b7bb8-3976-4441-9211-745243afd80f,,,,"cosPhiFixed:{(0.00,1.00)}",2.3157899379730225,h0
98c1a2ab-bd09-4c77-a389-d088aed894b1,0.9700000286102295,false,4000.0,NS_NET116_L_S3_2(1),550ebca7-1455-44eb-9431-ffbf08e58bd4,,,,"cosPhiFixed:{(0.00,1.00)}",4.1237101554870605,h0
07ac3307-90a9-4d74-9434-b977741a8858,0.949999988079071,false,4000.0,NS_NET126_L_F4_(4),a12b9ded-0c19-48c2-ac19-7a3a9b7e26da,,,,"cosPhiFixed:{(0.00,1.00)}",2.3157899379730225,h0
9b4f4a8b-3aaa-4b77-afdb-049d2b83869b,0.9700000286102295,false,4000.0,NS_NET136_L_S3_4(6),2a816043-d1d2-44a6-8a9b-f61a4933997b,,,,"cosPhiFixed:{(0.00,1.00)}",4.1237101554870605,h0
2b20b17c-774b-4b41-a1e8-ef9d8f39b0e3,0.9700000286102295,false,4000.0,NS_NET136_L_S2_5(8),c5af5a34-211a-4105-a8e1-f447140073c6,,,,"cosPhiFixed:{(0.00,1.00)}",4.1237101554870605,h0
1a88ba6f-9005-432d-9a8f-54a48c90015a,0.9700000286102295,false,4000.0,MS4_Last_05,ee384ace-040e-4f21-8a8a-d702ab51af55,,,,"cosPhiFixed:{(0.00,1.00)}",320.0,h0
924dbbfa-abb0-42b2-83a9-15897bf5806e,0.9700000286102295,false,4000.0,NS_NET136_L_S3_3(5),2c5d4eda-6b33-4ad5-a135-7037baa7d6eb,,,,"cosPhiFixed:{(0.00,1.00)}",4.1237101554870605,h0
038ee933-439a-4705-b526-0373a4b0b16a,0.9700000286102295,false,4000.0,NS_NET136_L_S3_1(1),416fa5eb-2f72-46c3-978f-6a0ebb714a40,,,,"cosPhiFixed:{(0.00,1.00)}",4.1237101554870605,h0
2c90248b-ce63-492c-a2e1-2bd66a3f3287,0.9700000286102295,false,4000.0,NS_NET136_L_S3_5(8),3bc8235b-03b5-489b-81a2-58d520fbe28e,,,,"cosPhiFixed:{(0.00,1.00)}",4.1237101554870605,h0
716dc985-7e6d-4681-b4d8-aa9c039a347e,0.9700000286102295,false,4000.0,MS1_Last_07,7546df1d-8a62-4650-bf2e-d1e441b38d70,,,,"cosPhiFixed:{(0.00,1.00)}",2400.0,h0
a9bb2858-c56d-4594-a364-fcfaf448d0e5,0.9700000286102295,false,4000.0,NS_NET116_L_S3_3(7),d69efff2-ba8b-4aa6-a4a1-27267964147a,,,,"cosPhiFixed:{(0.00,1.00)}",4.1237101554870605,h0
1308b834-4b0c-4c91-b5fc-8529368005ea,0.949999988079071,false,4000.0,NS_NET146_L_F2_(25),011e3794-3341-4376-839c-3f5a452e15ab,,,,"cosPhiFixed:{(0.00,1.00)}",2.3157899379730225,h0
dd893829-b4af-4cf1-9d70-79ae68b91bf0,0.9700000286102295,false,4000.0,NS_NET136_L_S1_4(6),ed4697fd-016c-40c2-a66b-e793878dadea,,,,"cosPhiFixed:{(0.00,1.00)}",4.1237101554870605,h0
32be027e-1ee2-41bc-9fe5-18daa3613efa,0.949999988079071,false,4000.0,NS_NET126_L_F1_(2),a7ebd30b-b843-405f-9fae-ca6b489601f9,,,,"cosPhiFixed:{(0.00,1.00)}",2.3157899379730225,h0
3ce5abcb-0eb1-403f-9fca-90d255619cc5,0.949999988079071,false,4000.0,NS_NET146_L_F2_(13),49e14db3-a4bc-464a-b606-653ac8a604dd,,,,"cosPhiFixed:{(0.00,1.00)}",2.3157899379730225,h0
e81df4d7-0935-40d7-be0b-5b696b24d220,0.949999988079071,false,4000.0,NS_NET146_L_F1_(21),92cb5065-2e57-4099-8e29-75cbc0c80370,,,,"cosPhiFixed:{(0.00,1.00)}",2.3157899379730225,h0
c7a0e7d2-276f-41e7-bfbc-f11fac26a0e1,0.9700000286102295,false,4000.0,MS3_Last_05,86dfce49-05b2-4208-a6ae-877c3e98e6be,,,,"cosPhiFixed:{(0.00,1.00)}",320.0,h0
cc08fc6e-1932-4daa-af04-f0376c8be6e2,0.949999988079071,false,4000.0,NS_NET126_L_F3_(7),50164699-2018-4b17-b3f1-74b082f27403,,,,"cosPhiFixed:{(0.00,1.00)}",2.3157899379730225,h0
72d00bfa-4967-485a-b5a3-519a6826fa9c,0.9700000286102295,false,4000.0,NS_NET116_L_S1_2(4),3e21f3a1-2c9c-4138-bcc9-466b004609ed,,,,"cosPhiFixed:{(0.00,1.00)}",4.1237101554870605,h0
fd2e19b6-d5e3-4776-9456-8787a2160d9d,0.9700000286102295,false,4000.0,NS_NET116_L_S1_4(1),b3a7431d-89b0-41cb-87a9-5853890796cd,,,,"cosPhiFixed:{(0.00,1.00)}",4.1237101554870605,h0
ff0b995a-86ff-4f4d-987e-e475a64f2180,0.9700000286102295,false,4000.0,NS_NET116_L_S1_2(1),3e21f3a1-2c9c-4138-bcc9-466b004609ed,,,,"cosPhiFixed:{(0.00,1.00)}",4.1237101554870605,h0
dc65cd27-84a2-49a6-aa22-d9c1968a72b4,0.949999988079071,false,4000.0,NS_NET126_L_F4_(8),75f2dfb9-75a0-496d-9c44-79e7df54c1df,,,,"cosPhiFixed:{(0.00,1.00)}",2.3157899379730225,h0
04063357-c213-4cc9-a870-9cc11ac4ad92,0.9700000286102295,false,4000.0,NS_NET116_L_S1_1(7),8a50fb37-81cf-47c9-8850-a12b4391e2e7,,,,"cosPhiFixed:{(0.00,1.00)}",4.1237101554870605,h0
245666cd-881b-44ca-9b47-536c96e15bce,0.9700000286102295,false,4000.0,NS_NET116_L_S2_3(2),df9c3d91-41a0-4e49-bb1f-1cd2a8fd9a2e,,,,"cosPhiFixed:{(0.00,1.00)}",4.1237101554870605,h0
50c89980-8da2-4e98-8602-e2f0b560e7c4,0.949999988079071,false,4000.0,NS_NET146_L_F1_(8),d5489e1b-0e7e-4ca9-a362-09c23576a622,,,,"cosPhiFixed:{(0.00,1.00)}",2.3157899379730225,h0
9367b934-d77d-4f3b-b5e6-0692ec6789a3,0.9700000286102295,false,4000.0,NS_NET116_L_S2_2(7),d53ff076-dadd-44f8-85d4-68f48991f7d0,,,,"cosPhiFixed:{(0.00,1.00)}",4.1237101554870605,h0
cad1c678-6e76-430f-bf7c-db12c6f06239,0.949999988079071,false,4000.0,NS_NET126_L_F4_(7),98072ded-726f-4f0b-8bbc-4fb6d5086a7b,,,,"cosPhiFixed:{(0.00,1.00)}",2.3157899379730225,h0
513e31ea-560d-4e33-b1ec-c1aca5f63339,0.9700000286102295,false,4000.0,NS_NET116_L_S1_3(5),e4c8b492-965c-4b5a-8d14-e8ff2c027ce9,,,,"cosPhiFixed:{(0.00,1.00)}",4.1237101554870605,h0
89971afc-919e-4153-92b2-f0a43ad0e535,0.9700000286102295,false,4000.0,NS_NET126_L_F1_(27),c81d6099-66b2-45d8-b8a4-c19ceb862f6e,,,,"cosPhiFixed:{(0.00,1.00)}",2.0618600845336914,h0
bc617ea3-3b85-4ba8-8b12-f243f077d6bb,0.9700000286102295,false,4000.0,NS_NET136_L_S2_4(4),81cd3f38-867b-4a71-ba22-cb33834e0e58,,,,"cosPhiFixed:{(0.00,1.00)}",4.1237101554870605,h0
4dd0785a-482c-47e3-bb82-e315083684d1,0.9700000286102295,false,4000.0,NS_NET116_L_S3_2(6),550ebca7-1455-44eb-9431-ffbf08e58bd4,,,,"cosPhiFixed:{(0.00,1.00)}",4.1237101554870605,h0
7e337720-59f5-4d3f-bf95-71c6228587f3,0.949999988079071,false,4000.0,NS_NET146_L_F1_(17),0d94a5ea-3a13-48ba-a27f-b2903841c334,,,,"cosPhiFixed:{(0.00,1.00)}",2.3157899379730225,h0
85bfce37-1c9a-4e5a-84ec-47faf7b13821,0.9700000286102295,false,4000.0,MS4_Last_02,174fb4b2-4f9e-415c-bfee-d850ef751307,,,,"cosPhiFixed:{(0.00,1.00)}",400.0,h0
9d19bae7-6fa1-4620-8ec2-38cae5596b9e,0.9700000286102295,false,4000.0,NS_NET116_L_S1_5(7),92301422-94ae-48ab-89c7-a69eea9450b2,,,,"cosPhiFixed:{(0.00,1.00)}",4.1237101554870605,h0
66f54dc9-83dc-435d-9c21-3361838e88d6,0.949999988079071,false,4000.0,NS_NET126_L_F3_(14),df8df8d2-3494-4da9-8d1b-f913d15f520f,,,,"cosPhiFixed:{(0.00,1.00)}",2.3157899379730225,h0
4d3af2ae-7637-46bc-a492-1bca70d3bc56,0.9700000286102295,false,4000.0,NS_NET146_L_F1_(37),450426ac-a560-4d17-b1fc-9e169530a655,,,,"cosPhiFixed:{(0.00,1.00)}",2.0618600845336914,h0
9413bafe-4537-4247-ae22-8b3d03bf6309,0.949999988079071,false,4000.0,NS_NET146_L_F1_(16),09ac8949-2b79-41d7-b56f-a58f20036df2,,,,"cosPhiFixed:{(0.00,1.00)}",2.3157899379730225,h0
94ef12cc-d3bc-42b1-b8b0-6177b93bb25c,0.9700000286102295,false,4000.0,NS_NET116_L_S3_5(4),b9a28095-68f7-44c1-9ccc-6efc5ea84c59,,,,"cosPhiFixed:{(0.00,1.00)}",4.1237101554870605,h0
95be2f70-bd5a-4785-983c-2aa7eba6546b,0.949999988079071,false,4000.0,NS_NET146_L_F3_(26),bd288184-99d8-4233-bb3d-484f3922200a,,,,"cosPhiFixed:{(0.00,1.00)}",2.3157899379730225,h0
66f00451-3542-41f2-adcf-24068c870afc,0.9700000286102295,false,4000.0,NS_NET136_L_S2_1(2),4e188ac9-e507-46b1-b8e2-376cf7c6ceb1,,,,"cosPhiFixed:{(0.00,1.00)}",4.1237101554870605,h0
96dbdf3b-98cd-45de-92e0-3743c609b08e,0.9700000286102295,false,4000.0,NS_NET136_L_S1_4(2),ed4697fd-016c-40c2-a66b-e793878dadea,,,,"cosPhiFixed:{(0.00,1.00)}",4.1237101554870605,h0
b47d3f0a-f480-49ef-ba7e-7979c81b0f70,0.9700000286102295,false,4000.0,NS_NET146_L_F1_(32),033d0230-4aee-47cf-91f9-81f5f40e60b0,,,,"cosPhiFixed:{(0.00,1.00)}",2.0618600845336914,h0
7ce95168-5af2-4274-943d-601176146ce8,0.9700000286102295,false,4000.0,NS_NET116_L_S1_5(8),92301422-94ae-48ab-89c7-a69eea9450b2,,,,"cosPhiFixed:{(0.00,1.00)}",4.1237101554870605,h0
ae603fbc-a262-47ab-bea7-251fd61f3964,0.9700000286102295,false,4000.0,NS_NET116_L_S2_5(4),32bd37df-255b-4eb2-9d16-5b711132eee6,,,,"cosPhiFixed:{(0.00,1.00)}",4.1237101554870605,h0
16cd0d9b-bbaa-4d71-ad87-b8e834cf478d,0.9700000286102295,false,4000.0,MS2_Last_01,1a8ba1a5-3cee-4791-b21b-f17b08526873,,,,"cosPhiFixed:{(0.00,1.00)}",400.0,h0
bfb7a7c2-6426-4392-9070-85dd5210a5cf,0.9700000286102295,false,4000.0,NS_NET116_L_S1_5(4),92301422-94ae-48ab-89c7-a69eea9450b2,,,,"cosPhiFixed:{(0.00,1.00)}",4.1237101554870605,h0
cb65c2bc-fb36-4338-9a13-34bd999f4fa5,0.9700000286102295,false,4000.0,NS_NET116_L_S2_4(8),e05c68b1-11cd-43fd-a4b2-31e4db380c78,,,,"cosPhiFixed:{(0.00,1.00)}",4.1237101554870605,h0
497de722-6c3b-49a5-8f1c-125c76a4a9cd,0.9700000286102295,false,4000.0,NS_NET116_L_S1_5(5),92301422-94ae-48ab-89c7-a69eea9450b2,,,,"cosPhiFixed:{(0.00,1.00)}",4.1237101554870605,h0
d08a8e2d-0ab1-4d89-b111-6a8efe2a76af,0.9700000286102295,false,4000.0,NS_NET136_L_S1_1(1),535b3fa4-ed67-4ab1-9a68-e7db83e05967,,,,"cosPhiFixed:{(0.00,1.00)}",4.1237101554870605,h0
d24c0d3d-bfe6-4ae6-b707-eb781d7f7d2a,0.9700000286102295,false,4000.0,NS_NET136_L_S3_1(8),416fa5eb-2f72-46c3-978f-6a0ebb714a40,,,,"cosPhiFixed:{(0.00,1.00)}",4.1237101554870605,h0
e25c3969-7e44-48f5-860c-03ff67a65284,0.9700000286102295,false,4000.0,NS_NET126_L_F1_(29),27d9e46d-5a9a-44f9-b17e-cd6cffb5e769,,,,"cosPhiFixed:{(0.00,1.00)}",2.0618600845336914,h0
2c970df7-5644-4665-835a-825b8df8aaf4,0.949999988079071,false,4000.0,NS_NET146_L_F4_(4),00d4a837-f09c-41df-bed1-dfdb78387116,,,,"cosPhiFixed:{(0.00,1.00)}",2.3157899379730225,h0
5312d132-f5bc-4c34-98ca-16221a0111e2,0.949999988079071,false,4000.0,NS_NET146_L_F3_(2),0b2a3b46-5e43-4879-973e-d8fb96429d8a,,,,"cosPhiFixed:{(0.00,1.00)}",2.3157899379730225,h0
2eca146b-7c7e-47fa-a0be-807b7fc72fd5,0.949999988079071,false,4000.0,NS_NET126_L_F3_(4),bf7e7268-2fb6-4948-ace6-9037ae148fa3,,,,"cosPhiFixed:{(0.00,1.00)}",2.3157899379730225,h0
2d758bef-0a8a-4dac-aca6-556ace61ec84,0.949999988079071,false,4000.0,NS_NET126_L_F3_(32),7d44fe44-8c85-4b61-9d5c-0c4304e47ba8,,,,"cosPhiFixed:{(0.00,1.00)}",2.3157899379730225,h0
8cd07c7c-1264-4141-b90e-e2b6f39c44be,0.949999988079071,false,4000.0,NS_NET126_L_F4_(9),119d270a-ff22-4fdb-8214-cb5b336790bf,,,,"cosPhiFixed:{(0.00,1.00)}",2.3157899379730225,h0
08bb3387-aaf3-4005-894b-c195849fcad0,0.949999988079071,false,4000.0,NS_NET146_L_F1_(12),3b879239-20c8-4adf-bd51-92924327ee71,,,,"cosPhiFixed:{(0.00,1.00)}",2.3157899379730225,h0
58cb8168-7a34-41e2-9db6-88a67287c5e9,0.949999988079071,false,4000.0,NS_NET146_L_F2_(8),792b505c-87ab-4665-a31d-b6035c5ece70,,,,"cosPhiFixed:{(0.00,1.00)}",2.3157899379730225,h0
8d326225-ff42-40ab-b58e-adc0cb32c9ff,0.949999988079071,false,4000.0,NS_NET146_L_F3_(9),6570535c-0d2e-4846-9951-21559902f67a,,,,"cosPhiFixed:{(0.00,1.00)}",2.3157899379730225,h0
4dcec977-6c98-4bd2-b6f2-dc32d9c61cf2,0.9700000286102295,false,4000.0,NS_NET136_L_S3_3(4),2c5d4eda-6b33-4ad5-a135-7037baa7d6eb,,,,"cosPhiFixed:{(0.00,1.00)}",4.1237101554870605,h0
09fb83df-cd0f-4dca-a5b6-edc18d662e93,0.9700000286102295,false,4000.0,NS_NET136_L_S2_5(7),c5af5a34-211a-4105-a8e1-f447140073c6,,,,"cosPhiFixed:{(0.00,1.00)}",4.1237101554870605,h0
34671961-b8a8-49f9-a99e-c7b5a33c600e,0.9700000286102295,false,4000.0,NS_NET116_L_S3_4(2),36dccefc-f04c-493f-bb88-11343583bf9f,,,,"cosPhiFixed:{(0.00,1.00)}",4.1237101554870605,h0
0d6b1569-0276-4f4b-9831-9a99821ff240,0.9700000286102295,false,4000.0,NS_NET116_L_S3_1(5),4a6f6058-e654-464d-9367-2dca7185c6d7,,,,"cosPhiFixed:{(0.00,1.00)}",4.1237101554870605,h0
d3c547e1-cf64-4993-9b55-5ae1b1d4601c,0.9700000286102295,false,4000.0,NS_NET136_L_S3_2(7),b46d4395-6724-4830-ba55-357e81fc2814,,,,"cosPhiFixed:{(0.00,1.00)}",4.1237101554870605,h0
ceec9e98-5303-4df3-99e8-592509c19d74,0.9700000286102295,false,4000.0,NS_NET136_L_S1_5(7),926d6113-933f-49e3-9529-a3035acdc9b2,,,,"cosPhiFixed:{(0.00,1.00)}",4.1237101554870605,h0
f4536a0c-33d2-4c57-918c-0ebdf768265a,0.9700000286102295,false,4000.0,NS_NET116_L_S3_3(1),d69efff2-ba8b-4aa6-a4a1-27267964147a,,,,"cosPhiFixed:{(0.00,1.00)}",4.1237101554870605,h0
dc34b951-89f4-4e28-8f04-3e6522bfa0c9,0.9700000286102295,false,4000.0,NS_NET116_L_S1_4(7),b3a7431d-89b0-41cb-87a9-5853890796cd,,,,"cosPhiFixed:{(0.00,1.00)}",4.1237101554870605,h0
ed173f7f-071e-4687-b7fe-b59616148ee3,0.949999988079071,false,4000.0,NS_NET126_L_F4_(17),7125de08-1d28-409a-8b23-023a0294def5,,,,"cosPhiFixed:{(0.00,1.00)}",0.10000000149011612,h0
c806a93a-5f1c-47ba-9c67-31a86ae2658c,0.9700000286102295,false,4000.0,NS_NET126_L_F1_(39),60173008-809d-4d8f-b06a-3c4a838dd989,,,,"cosPhiFixed:{(0.00,1.00)}",2.0618600845336914,h0
180167d5-7277-407f-a269-da5d2f1e30f0,0.9700000286102295,false,4000.0,NS_NET136_L_S2_2(3),cbcfc3b6-ac90-4215-975c-a033f5cf9912,,,,"cosPhiFixed:{(0.00,1.00)}",4.1237101554870605,h0
fe429426-1884-4ad7-8d50-69237e4a6a1b,0.9700000286102295,false,4000.0,NS_NET146_L_F1_(34),fd4f6232-c28d-4fc3-81dd-03b84aad695e,,,,"cosPhiFixed:{(0.00,1.00)}",2.0618600845336914,h0
e87a4990-0f33-44dc-bb98-ca7dd38e2493,0.949999988079071,false,4000.0,NS_NET146_L_F1_(18),2f921888-36d3-4c88-a8aa-1ecbdc62b9c4,,,,"cosPhiFixed:{(0.00,1.00)}",2.3157899379730225,h0
b5c6af22-2d56-4bd1-8235-74db06106eba,0.949999988079071,false,4000.0,NS_NET146_L_F3_(23),ba0b3e4b-85e1-4b45-8863-fbfe11c9b69c,,,,"cosPhiFixed:{(0.00,1.00)}",2.3157899379730225,h0
75b3f626-a1e0-47d6-9d2f-658500ac7630,0.9700000286102295,false,4000.0,NS_NET146_L_F1_(38),32507a10-1eed-4a3f-820c-bc187f3b052e,,,,"cosPhiFixed:{(0.00,1.00)}",2.0618600845336914,h0
7b187641-d6fa-49f2-afd6-b03125c1acea,0.949999988079071,false,4000.0,NS_NET126_L_F2_(22),177a20fe-83b1-46df-94a3-4faa54348d10,,,,"cosPhiFixed:{(0.00,1.00)}",2.3157899379730225,h0
7e875803-7e9d-4808-8d8c-a722d46fb6af,0.949999988079071,false,4000.0,NS_NET126_L_F3_(20),732f83b0-b9c5-4b8e-86fe-753c26f40e78,,,,"cosPhiFixed:{(0.00,1.00)}",2.3157899379730225,h0
2485a766-3e5c-4950-b598-0c3b84c747a7,0.949999988079071,false,4000.0,NS_NET146_L_F2_(4),369cffa5-bcee-4489-8193-1d9b10230eca,,,,"cosPhiFixed:{(0.00,1.00)}",2.3157899379730225,h0
70fcdefd-49c1-455f-9ceb-013dcbf26887,0.9700000286102295,false,4000.0,NS_NET116_L_S1_3(1),e4c8b492-965c-4b5a-8d14-e8ff2c027ce9,,,,"cosPhiFixed:{(0.00,1.00)}",4.1237101554870605,h0
130b7cb2-f379-4d6c-b71d-404d87260133,0.949999988079071,false,4000.0,NS_NET146_L_F2_(19),636dec7c-4242-46e8-b7ae-db7e5a28c39c,,,,"cosPhiFixed:{(0.00,1.00)}",2.3157899379730225,h0
26bf78c9-48ea-4004-9148-eaee014d6f09,0.9700000286102295,false,4000.0,NS_NET116_L_S3_2(7),550ebca7-1455-44eb-9431-ffbf08e58bd4,,,,"cosPhiFixed:{(0.00,1.00)}",4.1237101554870605,h0
04c0cbcf-4e9d-4608-bb92-6ab97e59ece7,0.9700000286102295,false,4000.0,NS_NET116_L_S3_4(4),36dccefc-f04c-493f-bb88-11343583bf9f,,,,"cosPhiFixed:{(0.00,1.00)}",4.1237101554870605,h0
5b821f32-64d4-436f-9840-40d04872f20f,0.949999988079071,false,4000.0,NS_NET126_L_F3_(12),eb125953-31d3-4207-adf7-aba3a3790d6f,,,,"cosPhiFixed:{(0.00,1.00)}",2.3157899379730225,h0
c67f5f1a-7adf-4715-a0ee-1bc0156b7bb9,0.9700000286102295,false,4000.0,NS_NET116_L_S3_3(6),d69efff2-ba8b-4aa6-a4a1-27267964147a,,,,"cosPhiFixed:{(0.00,1.00)}",4.1237101554870605,h0
a8f50827-29eb-4c27-a60c-fb74c3a5f3fd,0.9700000286102295,false,4000.0,NS_NET136_L_S3_4(2),2a816043-d1d2-44a6-8a9b-f61a4933997b,,,,"cosPhiFixed:{(0.00,1.00)}",4.1237101554870605,h0
df1ebc6d-1252-4496-98bc-50f6ff46a085,0.949999988079071,false,4000.0,NS_NET126_L_F1_(18),2f64bf67-cee9-44bb-8c13-ff96878932af,,,,"cosPhiFixed:{(0.00,1.00)}",2.3157899379730225,h0
5d842fa6-eb7a-4f88-8dd3-f7eac01afaad,0.9700000286102295,false,4000.0,NS_NET146_L_F1_(29),867c4b4d-0f38-4f28-82ce-135f2cc63808,,,,"cosPhiFixed:{(0.00,1.00)}",2.0618600845336914,h0
5fa8b3e6-ed79-4804-997b-4c6eb2c7727b,0.9700000286102295,false,4000.0,NS_NET136_L_S1_1(5),535b3fa4-ed67-4ab1-9a68-e7db83e05967,,,,"cosPhiFixed:{(0.00,1.00)}",4.1237101554870605,h0
cde58a33-fc7e-4fc6-8843-e0c372234be0,0.9700000286102295,false,4000.0,NS_NET136_L_S1_4(1),ed4697fd-016c-40c2-a66b-e793878dadea,,,,"cosPhiFixed:{(0.00,1.00)}",4.1237101554870605,h0
1100ef62-0d33-46df-8ac7-c949d843217c,0.949999988079071,false,4000.0,NS_NET146_L_F3_(22),616da4e5-e837-44ec-bbbc-0cd12b5da8f7,,,,"cosPhiFixed:{(0.00,1.00)}",2.3157899379730225,h0
79a2d93b-3583-4e90-bc40-9e7ff84bf0a2,0.949999988079071,false,4000.0,NS_NET146_L_F2_(15),d82fae59-844a-4c85-997e-326dd876137c,,,,"cosPhiFixed:{(0.00,1.00)}",2.3157899379730225,h0
d4004ab6-3b00-4eeb-b62a-4ec28dc9cec6,0.949999988079071,false,4000.0,NS_NET126_L_F2_(14),9ce9d92c-5583-4b16-bec6-9f67834663cb,,,,"cosPhiFixed:{(0.00,1.00)}",2.3157899379730225,h0
1ec03866-9e92-43b9-9c13-1501533c8e1e,0.949999988079071,false,4000.0,NS_NET146_L_F1_(26),154e9a99-467b-4f65-9928-8ebb14149baa,,,,"cosPhiFixed:{(0.00,1.00)}",2.3157899379730225,h0
9985e8e1-d8fa-4fdc-86aa-70f5b0ab70fc,0.949999988079071,false,4000.0,NS_NET126_L_F1_(11),270c7266-45dc-4e45-829f-c04f6b631cad,,,,"cosPhiFixed:{(0.00,1.00)}",2.3157899379730225,h0
8736f13d-fcf4-486a-8225-259bfd9bd206,0.9700000286102295,false,4000.0,NS_NET136_L_S1_3(8),eb95ff15-56db-4463-bb54-0ee131167812,,,,"cosPhiFixed:{(0.00,1.00)}",4.1237101554870605,h0
573a3f21-49d8-4e2b-bca0-d546d77bb143,0.9700000286102295,false,4000.0,NS_NET116_L_S1_2(3),3e21f3a1-2c9c-4138-bcc9-466b004609ed,,,,"cosPhiFixed:{(0.00,1.00)}",4.1237101554870605,h0
7ebc343e-c3a4-4f6c-a1f8-e81d2ee35d08,0.9700000286102295,false,4000.0,NS_NET136_L_S2_5(3),c5af5a34-211a-4105-a8e1-f447140073c6,,,,"cosPhiFixed:{(0.00,1.00)}",4.1237101554870605,h0
bd4fa1dc-a73a-4aa4-ac9f-d263a45a6cce,0.9700000286102295,false,4000.0,NS_NET116_L_S2_4(6),e05c68b1-11cd-43fd-a4b2-31e4db380c78,,,,"cosPhiFixed:{(0.00,1.00)}",4.1237101554870605,h0
b431628f-bc6f-49ca-9f23-19fe41aadb53,0.9700000286102295,false,4000.0,NS_NET116_L_S3_3(2),d69efff2-ba8b-4aa6-a4a1-27267964147a,,,,"cosPhiFixed:{(0.00,1.00)}",4.1237101554870605,h0
5d930bf2-0b63-4821-bd6c-02383e3b4220,0.9700000286102295,false,4000.0,MS1_Last_04,1396cb4c-cee7-4116-97c9-290f98785719,,,,"cosPhiFixed:{(0.00,1.00)}",320.0,h0
8ef945c1-4586-4755-98a8-bff3ee581620,0.949999988079071,false,4000.0,NS_NET146_L_F1_(7),67c1746c-3af8-403f-983e-1c7c047383df,,,,"cosPhiFixed:{(0.00,1.00)}",2.3157899379730225,h0
0442c234-22f8-4022-8daa-2f191e4a6bf3,0.949999988079071,false,4000.0,NS_NET146_L_F1_(24),205fcee1-928c-4374-950c-34575f07fa49,,,,"cosPhiFixed:{(0.00,1.00)}",2.3157899379730225,h0
c78b87bd-855b-4741-9e82-c9d814dc5a7c,0.9700000286102295,false,4000.0,NS_NET116_L_S2_1(7),39112046-8953-4e73-a5d9-6a8183a77436,,,,"cosPhiFixed:{(0.00,1.00)}",4.1237101554870605,h0
9cc70cc7-642f-4fb1-9782-20a446368645,0.9700000286102295,false,4000.0,NS_NET136_L_S3_4(1),2a816043-d1d2-44a6-8a9b-f61a4933997b,,,,"cosPhiFixed:{(0.00,1.00)}",4.1237101554870605,h0
cbb8c279-5b80-4583-bec3-b878ab0c2755,0.9700000286102295,false,4000.0,NS_NET136_L_S1_5(1),926d6113-933f-49e3-9529-a3035acdc9b2,,,,"cosPhiFixed:{(0.00,1.00)}",4.1237101554870605,h0
5f825da0-bf7e-4846-9601-9049cac0f958,0.9700000286102295,false,4000.0,NS_NET136_L_S2_1(3),4e188ac9-e507-46b1-b8e2-376cf7c6ceb1,,,,"cosPhiFixed:{(0.00,1.00)}",4.1237101554870605,h0
35555bee-2634-45cb-888b-d850767955a6,0.9700000286102295,false,4000.0,NS_NET116_L_S1_1(3),8a50fb37-81cf-47c9-8850-a12b4391e2e7,,,,"cosPhiFixed:{(0.00,1.00)}",4.1237101554870605,h0
e4f045d6-7f37-4871-b357-621d97b9c2a8,0.9700000286102295,false,4000.0,NS_NET136_L_S3_4(8),2a816043-d1d2-44a6-8a9b-f61a4933997b,,,,"cosPhiFixed:{(0.00,1.00)}",4.1237101554870605,h0
e90dfb70-2372-40d3-9577-01d2145eb59d,0.9700000286102295,false,4000.0,NS_NET116_L_S2_5(7),32bd37df-255b-4eb2-9d16-5b711132eee6,,,,"cosPhiFixed:{(0.00,1.00)}",4.1237101554870605,h0
076b9055-3329-4e88-a1a0-93ad904e72a2,0.9700000286102295,false,4000.0,NS_NET116_L_S3_2(8),550ebca7-1455-44eb-9431-ffbf08e58bd4,,,,"cosPhiFixed:{(0.00,1.00)}",4.1237101554870605,h0
6322878b-9db6-4481-858b-64dbd00dc091,0.949999988079071,false,4000.0,NS_NET126_L_F3_(26),dc022eec-16b0-4a64-a2f5-498d81aca71e,,,,"cosPhiFixed:{(0.00,1.00)}",2.3157899379730225,h0
000e54d4-cf92-4cdb-9777-3d40d320d2b6,0.9700000286102295,false,4000.0,NS_NET116_L_S1_4(6),b3a7431d-89b0-41cb-87a9-5853890796cd,,,,"cosPhiFixed:{(0.00,1.00)}",4.1237101554870605,h0
aaa0a903-46f7-4109-adb3-9f43398fc932,0.949999988079071,false,4000.0,NS_NET126_L_F4_(11),95ced3b5-69fd-4171-9c34-f18802064e22,,,,"cosPhiFixed:{(0.00,1.00)}",2.3157899379730225,h0
e035cc33-0a53-4dc4-b35d-f3f44764a5aa,0.9700000286102295,false,4000.0,NS_NET136_L_S2_4(1),81cd3f38-867b-4a71-ba22-cb33834e0e58,,,,"cosPhiFixed:{(0.00,1.00)}",4.1237101554870605,h0
a94ba026-b4fc-40d2-a20f-c8201996d717,0.9700000286102295,false,4000.0,MS2_Last_04,5f1c776c-6935-40f7-ba9e-60646e08992b,,,,"cosPhiFixed:{(0.00,1.00)}",320.0,h0
5ab2e1b6-7c4b-4cba-8528-94bda71c3dcd,0.9700000286102295,false,4000.0,MS1_Last_03,787237ad-b3a8-4f2c-ab70-31c5113d82d7,,,,"cosPhiFixed:{(0.00,1.00)}",400.0,h0
8decd09e-f82a-4f38-8946-14a9b437303f,0.949999988079071,false,4000.0,NS_NET126_L_F2_(18),e80aa2db-f32c-410d-96a1-a32e03222568,,,,"cosPhiFixed:{(0.00,1.00)}",2.3157899379730225,h0
fa8ef266-5b15-4fdd-a145-71ba95e3463d,0.949999988079071,false,4000.0,NS_NET146_L_F3_(17),0f3ba59d-a9ce-4669-aa12-bebec42238b7,,,,"cosPhiFixed:{(0.00,1.00)}",2.3157899379730225,h0
abe6ade3-f1c5-41c0-a850-1292506f3837,0.949999988079071,false,4000.0,NS_NET146_L_F3_(10),4632291f-80d7-4e4a-9dc9-5c0fd0c56312,,,,"cosPhiFixed:{(0.00,1.00)}",2.3157899379730225,h0
9d2c5b78-ad86-4055-b74b-e5b24f89a75b,0.9700000286102295,false,4000.0,NS_NET116_L_S2_1(4),39112046-8953-4e73-a5d9-6a8183a77436,,,,"cosPhiFixed:{(0.00,1.00)}",4.1237101554870605,h0
0a8bf78c-1e57-44f1-baee-0a8d8383875c,0.9700000286102295,false,4000.0,NS_NET136_L_S3_3(1),2c5d4eda-6b33-4ad5-a135-7037baa7d6eb,,,,"cosPhiFixed:{(0.00,1.00)}",4.1237101554870605,h0
33cd1941-51f2-425a-8f4d-67e00d0b1876,0.9700000286102295,false,4000.0,NS_NET136_L_S3_1(6),416fa5eb-2f72-46c3-978f-6a0ebb714a40,,,,"cosPhiFixed:{(0.00,1.00)}",4.1237101554870605,h0
c73800aa-9f9e-46da-83eb-82a88b2ab502,0.9700000286102295,false,4000.0,NS_NET136_L_S2_5(4),c5af5a34-211a-4105-a8e1-f447140073c6,,,,"cosPhiFixed:{(0.00,1.00)}",4.1237101554870605,h0
2efedcfd-4972-4d13-9d62-180f1b9a76ad,0.9700000286102295,false,4000.0,NS_NET116_L_S2_5(1),32bd37df-255b-4eb2-9d16-5b711132eee6,,,,"cosPhiFixed:{(0.00,1.00)}",4.1237101554870605,h0
a1af0e38-339c-491c-94d8-446cf662d89b,0.9700000286102295,false,4000.0,NS_NET116_L_S3_4(1),36dccefc-f04c-493f-bb88-11343583bf9f,,,,"cosPhiFixed:{(0.00,1.00)}",4.1237101554870605,h0
07ba8eae-b76d-4034-b378-a3ef8134fc2b,0.949999988079071,false,4000.0,NS_NET126_L_F2_(27),daed3552-e382-4153-95be-97f17e2c53e5,,,,"cosPhiFixed:{(0.00,1.00)}",2.3157899379730225,h0
c22e9a91-f522-446d-8dc8-ae3e720a5053,0.949999988079071,false,4000.0,NS_NET126_L_F2_(19),52e15712-2572-442a-b22c-add48af95115,,,,"cosPhiFixed:{(0.00,1.00)}",2.3157899379730225,h0
a2d372db-d13c-4d3c-a987-ccf4138d43f2,0.9700000286102295,false,4000.0,MS4_Last_07,898d8295-bf35-4079-9374-99b059c2c956,,,,"cosPhiFixed:{(0.00,1.00)}",2400.0,h0
146fba6b-bbbe-4f3b-ba51-2f3a2c31b118,0.949999988079071,false,4000.0,NS_NET126_L_F1_(22),c317a6cd-428b-4c36-8233-91d0c4e2717a,,,,"cosPhiFixed:{(0.00,1.00)}",2.3157899379730225,h0
3052ef96-e3f1-4469-a64e-059f09306044,0.9700000286102295,false,4000.0,NS_NET136_L_S2_5(2),c5af5a34-211a-4105-a8e1-f447140073c6,,,,"cosPhiFixed:{(0.00,1.00)}",4.1237101554870605,h0
d7a1b657-6d15-45c7-8d04-d2eef97429b0,0.9700000286102295,false,4000.0,NS_NET116_L_S1_1(6),8a50fb37-81cf-47c9-8850-a12b4391e2e7,,,,"cosPhiFixed:{(0.00,1.00)}",4.1237101554870605,h0
7b040b43-011a-4402-a176-9b9b41ce0c37,0.9700000286102295,false,4000.0,NS_NET116_L_S2_3(1),df9c3d91-41a0-4e49-bb1f-1cd2a8fd9a2e,,,,"cosPhiFixed:{(0.00,1.00)}",4.1237101554870605,h0
7b6cd13c-8f54-421e-b2e9-5888f181737b,0.9700000286102295,false,4000.0,NS_NET146_L_F1_(27),9baae5ff-40e3-48cb-9ddf-de6d1c133e13,,,,"cosPhiFixed:{(0.00,1.00)}",2.0618600845336914,h0
8b9c12d1-5398-4c42-80a6-9604978de820,0.949999988079071,false,4000.0,NS_NET146_L_F4_(3),b5548457-5923-4d52-b3c9-fdb75a1df98e,,,,"cosPhiFixed:{(0.00,1.00)}",2.3157899379730225,h0
53347503-af44-482a-8b97-d1b638bb3634,0.949999988079071,false,4000.0,NS_NET146_L_F2_(23),ce513b50-b57a-41e2-b744-4c0fd2ae97d0,,,,"cosPhiFixed:{(0.00,1.00)}",2.3157899379730225,h0
4958e21c-cf9d-4bae-ad3f-a1612171c398,0.949999988079071,false,4000.0,NS_NET126_L_F1_(7),fc7821d2-ac64-483e-b520-38d9971f4db0,,,,"cosPhiFixed:{(0.00,1.00)}",2.3157899379730225,h0
0cf1f5c4-996b-4422-b61b-b4fbc840d004,0.949999988079071,false,4000.0,NS_NET146_L_F3_(24),773aebe4-fc03-46be-8209-0213e2760a8e,,,,"cosPhiFixed:{(0.00,1.00)}",2.3157899379730225,h0
a265d035-d8ea-41e0-ad10-04e064b9a968,0.9700000286102295,false,4000.0,NS_NET136_L_S3_4(5),2a816043-d1d2-44a6-8a9b-f61a4933997b,,,,"cosPhiFixed:{(0.00,1.00)}",4.1237101554870605,h0
40ddb9cf-46f1-4ee6-8feb-432affbc95bf,0.9700000286102295,false,4000.0,NS_NET116_L_S2_4(1),e05c68b1-11cd-43fd-a4b2-31e4db380c78,,,,"cosPhiFixed:{(0.00,1.00)}",4.1237101554870605,h0
81e75c16-c8a4-4328-bc97-635049829f57,0.949999988079071,false,4000.0,NS_NET146_L_F2_(24),970cf93c-36c5-4938-a7e4-3f184a7035f0,,,,"cosPhiFixed:{(0.00,1.00)}",2.3157899379730225,h0
b2789995-79a1-4859-8d1c-70107b83c18b,0.9700000286102295,false,4000.0,NS_NET136_L_S3_3(2),2c5d4eda-6b33-4ad5-a135-7037baa7d6eb,,,,"cosPhiFixed:{(0.00,1.00)}",4.1237101554870605,h0
cdd0ae9a-c06e-4234-aea3-255f359dbe64,0.949999988079071,false,4000.0,NS_NET146_L_F3_(16),3ec2f2a0-36a3-4d11-88ee-cc4df001e876,,,,"cosPhiFixed:{(0.00,1.00)}",2.3157899379730225,h0
c3d643d1-1b2d-4f9f-838d-5b1ce270fc33,0.949999988079071,false,4000.0,NS_NET126_L_F2_(9),a286f73a-20ee-4056-8129-c7963b34ecd9,,,,"cosPhiFixed:{(0.00,1.00)}",2.3157899379730225,h0
3e94ff28-fd2e-4028-a188-58ce85136fdf,0.9700000286102295,false,4000.0,NS_NET116_L_S2_2(5),d53ff076-dadd-44f8-85d4-68f48991f7d0,,,,"cosPhiFixed:{(0.00,1.00)}",4.1237101554870605,h0
7bbb2c62-36f7-4aab-8802-e3ddf478adf2,0.949999988079071,false,4000.0,NS_NET146_L_F3_(14),3dec12fd-3dc6-481d-be05-8df9df7f0c5d,,,,"cosPhiFixed:{(0.00,1.00)}",2.3157899379730225,h0
86754cd3-ba74-49fb-bf3b-5702b4fd5928,0.9700000286102295,false,4000.0,NS_NET146_L_F1_(33),543f7e9f-b9be-486b-b365-2bae79010758,,,,"cosPhiFixed:{(0.00,1.00)}",2.0618600845336914,h0
0d983289-2ff2-4f2c-b38a-bab3ec967c76,0.9700000286102295,false,4000.0,NS_NET136_L_S1_1(4),535b3fa4-ed67-4ab1-9a68-e7db83e05967,,,,"cosPhiFixed:{(0.00,1.00)}",4.1237101554870605,h0
080cbc7e-6acf-434d-ae38-b693f19edc69,0.9700000286102295,false,4000.0,NS_NET116_L_S2_3(4),df9c3d91-41a0-4e49-bb1f-1cd2a8fd9a2e,,,,"cosPhiFixed:{(0.00,1.00)}",4.1237101554870605,h0
f1804def-a6f6-4603-bfd3-52968a2de732,0.9700000286102295,false,4000.0,MS2_Last_07,14a8dc4c-0906-402f-b073-6d6d4725d0cb,,,,"cosPhiFixed:{(0.00,1.00)}",2400.0,h0
895edb06-282c-4965-acab-36c8b86f8f65,0.9700000286102295,false,4000.0,NS_NET116_L_S2_3(5),df9c3d91-41a0-4e49-bb1f-1cd2a8fd9a2e,,,,"cosPhiFixed:{(0.00,1.00)}",4.1237101554870605,h0
8d84639d-d746-49c5-bc46-33a2aae666e7,0.949999988079071,false,4000.0,NS_NET126_L_F1_(16),4f78fe6d-3cb2-4d99-8c67-4f14cb626813,,,,"cosPhiFixed:{(0.00,1.00)}",2.3157899379730225,h0
16b0791d-eeff-4b12-b1fe-2961bf0fd4c2,0.949999988079071,false,4000.0,NS_NET126_L_F4_(10),857c264a-7072-4bb7-af56-2f01539b2a2e,,,,"cosPhiFixed:{(0.00,1.00)}",2.3157899379730225,h0
9018c4d9-5b86-4c11-b5b3-2c26e756ad0e,0.949999988079071,false,4000.0,NS_NET126_L_F2_(20),de756ddb-793d-4b2d-959c-59d938a8f61f,,,,"cosPhiFixed:{(0.00,1.00)}",2.3157899379730225,h0
9ae56e43-54fc-4ab7-8989-abbc14596fd3,0.949999988079071,false,4000.0,NS_NET146_L_F3_(20),0ebf0088-f596-4cd1-9ae0-5da02dc40335,,,,"cosPhiFixed:{(0.00,1.00)}",2.3157899379730225,h0
dcaeda6e-2dfc-4b53-9c25-cf51d486bb34,0.949999988079071,false,4000.0,NS_NET126_L_F2_(21),1dee13af-e638-4858-9c69-0069190cd577,,,,"cosPhiFixed:{(0.00,1.00)}",2.3157899379730225,h0
d3b5447b-a2ba-4f17-a10c-bd6354ab2338,0.9700000286102295,false,4000.0,NS_NET136_L_S1_2(5),032768b4-2426-4abf-806b-83813ac5137a,,,,"cosPhiFixed:{(0.00,1.00)}",4.1237101554870605,h0
8052a8a9-d5a5-481e-a772-87f71ee8fbb9,0.9700000286102295,false,4000.0,NS_NET116_L_S2_3(3),df9c3d91-41a0-4e49-bb1f-1cd2a8fd9a2e,,,,"cosPhiFixed:{(0.00,1.00)}",4.1237101554870605,h0
bcb5abf4-7b31-4860-af53-78ec457f21a2,0.949999988079071,false,4000.0,NS_NET146_L_F3_(30),7cff7ac7-2d18-4c4c-8e1b-893bb050c1ed,,,,"cosPhiFixed:{(0.00,1.00)}",2.3157899379730225,h0
f630b338-5685-424d-bfbe-338bf94a0e01,0.949999988079071,false,4000.0,NS_NET126_L_F3_(6),e018b95e-fca5-40f7-8550-b05a619169dc,,,,"cosPhiFixed:{(0.00,1.00)}",2.3157899379730225,h0
27f66b7b-f1ac-46e4-9c11-b9ff0d0f2990,0.949999988079071,false,4000.0,NS_NET146_L_F3_(31),b7a5be0d-2662-41b2-99c6-3b8121a75e9e,,,,"cosPhiFixed:{(0.00,1.00)}",2.3157899379730225,h0
35414e99-525f-455a-b4ef-137b6e48ff87,0.9700000286102295,false,4000.0,NS_NET136_L_S2_2(8),cbcfc3b6-ac90-4215-975c-a033f5cf9912,,,,"cosPhiFixed:{(0.00,1.00)}",4.1237101554870605,h0
f971674c-7f11-4e9d-b701-1736b2effb65,0.9700000286102295,false,4000.0,NS_NET136_L_S1_2(4),032768b4-2426-4abf-806b-83813ac5137a,,,,"cosPhiFixed:{(0.00,1.00)}",4.1237101554870605,h0
91d402b7-e8c7-4919-bdbd-93c1c8492920,0.949999988079071,false,4000.0,NS_NET146_L_F4_(14),f2d03b34-9595-4819-a00b-ff9ddd92eb07,,,,"cosPhiFixed:{(0.00,1.00)}",2.3157899379730225,h0
c9576364-4a47-450d-a25d-864dd12ef7fa,0.9700000286102295,false,4000.0,NS_NET136_L_S1_1(3),535b3fa4-ed67-4ab1-9a68-e7db83e05967,,,,"cosPhiFixed:{(0.00,1.00)}",4.1237101554870605,h0
2550ae33-6540-4602-b59a-a46c49747c97,0.949999988079071,false,4000.0,NS_NET146_L_F4_(9),9b889b73-c108-4b38-b6eb-3377841e0c83,,,,"cosPhiFixed:{(0.00,1.00)}",2.3157899379730225,h0
96da3f13-3c72-4e9a-b433-a319a9018b40,0.949999988079071,false,4000.0,NS_NET146_L_F2_(21),bd292f64-65e8-42ec-9b78-b9b9f013750e,,,,"cosPhiFixed:{(0.00,1.00)}",2.3157899379730225,h0
2e7dda3e-4bd4-4bb7-8e15-260f709ab92e,0.9700000286102295,false,4000.0,NS_NET136_L_S3_4(3),2a816043-d1d2-44a6-8a9b-f61a4933997b,,,,"cosPhiFixed:{(0.00,1.00)}",4.1237101554870605,h0
fc5139da-5e61-44c5-8843-4f76df7c6e33,0.9700000286102295,false,4000.0,NS_NET146_L_F1_(39),904c7476-5f16-4ec2-9138-7d5e32d38a3b,,,,"cosPhiFixed:{(0.00,1.00)}",2.0618600845336914,h0
ec81e030-4dc6-462a-9218-b5c791e82da7,0.949999988079071,false,4000.0,NS_NET146_L_F4_(5),d7023c15-adb7-4d56-9f86-b182611a47ef,,,,"cosPhiFixed:{(0.00,1.00)}",2.3157899379730225,h0
1a08b0a0-ae75-4ff8-b28b-643ca2dbca1a,0.9700000286102295,false,4000.0,NS_NET136_L_S2_1(5),4e188ac9-e507-46b1-b8e2-376cf7c6ceb1,,,,"cosPhiFixed:{(0.00,1.00)}",4.1237101554870605,h0
7f642ba6-1492-4bf6-9857-113c60a18709,0.949999988079071,false,4000.0,NS_NET146_L_F3_(11),e2267696-669b-48e8-b43a-37d0db95011d,,,,"cosPhiFixed:{(0.00,1.00)}",2.3157899379730225,h0
53ae546b-c94f-4619-a613-3291f26fb78b,0.949999988079071,false,4000.0,NS_NET146_L_F3_(4),f66df6fa-3dfa-4515-85d7-54d0f429fde7,,,,"cosPhiFixed:{(0.00,1.00)}",2.3157899379730225,h0
9b027eb7-abfa-43ef-8eae-b20b47a631e6,0.949999988079071,false,4000.0,NS_NET146_L_F3_(18),85ec9277-c5fd-4e5b-8a34-9627d9599ad7,,,,"cosPhiFixed:{(0.00,1.00)}",2.3157899379730225,h0
4c6e6e4f-d4cb-4de3-b406-ff3ec1d50280,0.949999988079071,false,4000.0,NS_NET146_L_F2_(3),0170837a-1876-45f9-a613-666f9991964d,,,,"cosPhiFixed:{(0.00,1.00)}",2.3157899379730225,h0
80d0b6a9-8d08-4262-81a0-83b13beaad45,0.9700000286102295,false,4000.0,MS1_Last_02,32b3bb19-c52a-4a19-890a-94a8918d38a9,,,,"cosPhiFixed:{(0.00,1.00)}",400.0,h0
b925ad8d-edb2-4f59-a302-9b33d21d900c,0.949999988079071,false,4000.0,NS_NET126_L_F3_(16),6232b760-b2e0-485e-9c61-f9721a366a81,,,,"cosPhiFixed:{(0.00,1.00)}",2.3157899379730225,h0
2ab66e57-dd5f-4295-a6f5-f017fb4db8b1,0.9700000286102295,false,4000.0,NS_NET136_L_S3_3(8),2c5d4eda-6b33-4ad5-a135-7037baa7d6eb,,,,"cosPhiFixed:{(0.00,1.00)}",4.1237101554870605,h0
aa1ce00f-1a17-4172-9040-9ba15b179a15,0.949999988079071,false,4000.0,NS_NET146_L_F4_(16),9f7599de-c488-46c5-b053-1279a511f7b9,,,,"cosPhiFixed:{(0.00,1.00)}",2.3157899379730225,h0
57d74ff0-f6c4-4932-93c5-9837d101297c,0.9700000286102295,false,4000.0,NS_NET136_L_S2_2(2),cbcfc3b6-ac90-4215-975c-a033f5cf9912,,,,"cosPhiFixed:{(0.00,1.00)}",4.1237101554870605,h0
73c923b1-49ef-49b6-863f-8badb0915f70,0.9700000286102295,false,4000.0,NS_NET136_L_S1_5(2),926d6113-933f-49e3-9529-a3035acdc9b2,,,,"cosPhiFixed:{(0.00,1.00)}",4.1237101554870605,h0
68ca017a-8327-4a88-a2ab-0c7c20383a3e,0.9700000286102295,false,4000.0,NS_NET136_L_S1_2(7),032768b4-2426-4abf-806b-83813ac5137a,,,,"cosPhiFixed:{(0.00,1.00)}",4.1237101554870605,h0
1107328f-3c13-4f0b-bde3-1d9580cf40db,0.949999988079071,false,4000.0,NS_NET146_L_F3_(12),f6eff0d1-af6b-46ce-b430-4d30976ec08f,,,,"cosPhiFixed:{(0.00,1.00)}",2.3157899379730225,h0
9a751f29-69b8-4ca0-b019-3001e50922d3,0.9700000286102295,false,4000.0,NS_NET116_L_S1_4(2),b3a7431d-89b0-41cb-87a9-5853890796cd,,,,"cosPhiFixed:{(0.00,1.00)}",4.1237101554870605,h0
2f4df67a-e33a-4a1b-9caa-41bfb4408b8c,0.9700000286102295,false,4000.0,NS_NET116_L_S2_2(8),d53ff076-dadd-44f8-85d4-68f48991f7d0,,,,"cosPhiFixed:{(0.00,1.00)}",4.1237101554870605,h0
1fbefcb1-57ec-4b86-8b7e-c892f0e6b179,0.9700000286102295,false,4000.0,NS_NET116_L_S3_4(6),36dccefc-f04c-493f-bb88-11343583bf9f,,,,"cosPhiFixed:{(0.00,1.00)}",4.1237101554870605,h0
9b0cca4d-f27f-4190-b35f-a84fa09ac157,0.949999988079071,false,4000.0,NS_NET146_L_F1_(14),b73208dd-f4a8-4e90-bf2d-7ea67a89525a,,,,"cosPhiFixed:{(0.00,1.00)}",2.3157899379730225,h0
6069eb20-4107-483f-8144-5bd479e32d98,0.949999988079071,false,4000.0,NS_NET126_L_F2_(12),9d02ea80-98d8-4cd0-a635-9104a14a56dd,,,,"cosPhiFixed:{(0.00,1.00)}",2.3157899379730225,h0
93128545-6977-41fa-8e20-5d7a930d80c9,0.9700000286102295,false,4000.0,NS_NET136_L_S1_2(3),032768b4-2426-4abf-806b-83813ac5137a,,,,"cosPhiFixed:{(0.00,1.00)}",4.1237101554870605,h0
62fad34c-a778-4140-a13d-dee5f0af255d,0.9700000286102295,false,4000.0,NS_NET126_L_F1_(33),b425b28e-48a8-4ec4-a15a-387fcfb79895,,,,"cosPhiFixed:{(0.00,1.00)}",2.0618600845336914,h0
5535881c-50ec-4a74-a67e-5b963aec5b38,0.949999988079071,false,4000.0,NS_NET146_L_F1_(5),bd8c7d3d-e830-4a46-bf78-0086ce24909f,,,,"cosPhiFixed:{(0.00,1.00)}",2.3157899379730225,h0
0c62dc7f-45a7-44e3-9240-f9ff9d62e4a0,0.949999988079071,false,4000.0,NS_NET126_L_F4_(13),da79c960-d35a-4193-9b06-2d4d57051706,,,,"cosPhiFixed:{(0.00,1.00)}",2.3157899379730225,h0
ae21cb77-4f17-4996-89f3-b2172f479bcc,0.949999988079071,false,4000.0,NS_NET126_L_F2_(16),d8c35123-b389-4199-84f9-d417d24bb78d,,,,"cosPhiFixed:{(0.00,1.00)}",2.3157899379730225,h0
a8e26f05-54f0-4da7-abfa-228661833e03,0.949999988079071,false,4000.0,NS_NET126_L_F3_(18),9502fd3e-c00f-48fa-8b56-c72d21f80f3c,,,,"cosPhiFixed:{(0.00,1.00)}",2.3157899379730225,h0
b4b07036-0d49-4f8f-9194-0181e11d0470,0.9700000286102295,false,4000.0,NS_NET116_L_S2_3(7),df9c3d91-41a0-4e49-bb1f-1cd2a8fd9a2e,,,,"cosPhiFixed:{(0.00,1.00)}",4.1237101554870605,h0
5596dd40-f34f-4ec4-bf80-17fcf122a67b,0.9700000286102295,false,4000.0,NS_NET136_L_S1_5(6),926d6113-933f-49e3-9529-a3035acdc9b2,,,,"cosPhiFixed:{(0.00,1.00)}",4.1237101554870605,h0
d5b04d0c-bdda-450b-b939-aec8af923eea,0.9700000286102295,false,4000.0,NS_NET136_L_S3_2(5),b46d4395-6724-4830-ba55-357e81fc2814,,,,"cosPhiFixed:{(0.00,1.00)}",4.1237101554870605,h0
521d8738-0393-4519-8b31-52ed06c9ed18,0.9700000286102295,false,4000.0,NS_NET116_L_S3_1(6),4a6f6058-e654-464d-9367-2dca7185c6d7,,,,"cosPhiFixed:{(0.00,1.00)}",4.1237101554870605,h0
b3ce3d49-d4d5-4b76-a589-02d0c7faf5a5,0.9700000286102295,false,4000.0,NS_NET136_L_S2_5(6),c5af5a34-211a-4105-a8e1-f447140073c6,,,,"cosPhiFixed:{(0.00,1.00)}",4.1237101554870605,h0
3ac82a59-756c-4ead-b34e-02957fc69ec4,0.949999988079071,false,4000.0,NS_NET126_L_F1_(21),14ae9865-cb9b-4518-9f2a-c0fda3455a42,,,,"cosPhiFixed:{(0.00,1.00)}",2.3157899379730225,h0
fd1a8de9-722a-4304-8799-e1e976d9979c,0.9700000286102295,false,4000.0,NS_NET116_L_S1_1(1),8a50fb37-81cf-47c9-8850-a12b4391e2e7,,,,"cosPhiFixed:{(0.00,1.00)}",4.1237101554870605,h0
3b63c80f-a5c6-439b-97be-4e1efda58ccd,0.949999988079071,false,4000.0,NS_NET146_L_F2_(22),5862f526-783a-4218-a463-3cbf5de8dade,,,,"cosPhiFixed:{(0.00,1.00)}",2.3157899379730225,h0
35408c17-cd77-4115-8357-9fb0e8f76532,0.949999988079071,false,4000.0,NS_NET146_L_F2_(9),a5c73608-5a85-495d-bea0-df77b6ce66ea,,,,"cosPhiFixed:{(0.00,1.00)}",2.3157899379730225,h0
8bd4fb73-bc7f-45c9-b1e6-916afd2e7359,0.9700000286102295,false,4000.0,NS_NET136_L_S1_5(4),926d6113-933f-49e3-9529-a3035acdc9b2,,,,"cosPhiFixed:{(0.00,1.00)}",4.1237101554870605,h0
b9fb3d41-bb0e-4c4c-bff5-1b50d40efc33,0.949999988079071,false,4000.0,NS_NET126_L_F1_(3),04f29760-9e52-4943-8563-62e1fbd5ed52,,,,"cosPhiFixed:{(0.00,1.00)}",2.3157899379730225,h0
188c5841-af7d-48ea-95ac-7178dc7407c9,0.9700000286102295,false,4000.0,NS_NET116_L_S1_1(8),8a50fb37-81cf-47c9-8850-a12b4391e2e7,,,,"cosPhiFixed:{(0.00,1.00)}",4.1237101554870605,h0
8bee3a68-8990-46eb-9230-067111caceb5,0.9700000286102295,false,4000.0,NS_NET136_L_S2_3(3),fd534474-cd65-47aa-8005-dc50d17d6920,,,,"cosPhiFixed:{(0.00,1.00)}",4.1237101554870605,h0
4336ad38-37d0-4bba-914e-b2ebec0cc8ab,0.9700000286102295,false,4000.0,NS_NET116_L_S1_5(2),92301422-94ae-48ab-89c7-a69eea9450b2,,,,"cosPhiFixed:{(0.00,1.00)}",4.1237101554870605,h0
c9689bd8-6717-49d5-90d9-a6245b5116e6,0.9700000286102295,false,4000.0,NS_NET116_L_S1_5(3),92301422-94ae-48ab-89c7-a69eea9450b2,,,,"cosPhiFixed:{(0.00,1.00)}",4.1237101554870605,h0
3a2470e0-1d3f-4f33-990d-20c8b9611ac5,0.9700000286102295,false,4000.0,NS_NET136_L_S1_1(7),535b3fa4-ed67-4ab1-9a68-e7db83e05967,,,,"cosPhiFixed:{(0.00,1.00)}",4.1237101554870605,h0
3f5718ca-fc58-4b00-b634-1aa6307c6cfa,0.949999988079071,false,4000.0,NS_NET146_L_F2_(1),2c520ab6-507e-4dcf-ab05-8f238e9b9385,,,,"cosPhiFixed:{(0.00,1.00)}",2.3157899379730225,h0
e17786aa-4cf5-46d6-ad37-96f4d4502b1f,0.949999988079071,false,4000.0,NS_NET146_L_F4_(8),6dd72a1e-2a79-4cde-b2fc-92bc9a83032a,,,,"cosPhiFixed:{(0.00,1.00)}",2.3157899379730225,h0
4cf4c2ac-3c96-456e-858b-5000f183230c,0.949999988079071,false,4000.0,NS_NET126_L_F2_(7),4db634e5-3eb8-4c17-bc44-eb224667580c,,,,"cosPhiFixed:{(0.00,1.00)}",2.3157899379730225,h0
2de16d4b-e4e0-41e0-ae33-105930964fcd,0.9700000286102295,false,4000.0,NS_NET126_L_F1_(31),80d8252b-045f-471a-9638-416ed3f86120,,,,"cosPhiFixed:{(0.00,1.00)}",2.0618600845336914,h0
af4c1bfe-4e4c-437d-9eff-42060aaf4027,0.9700000286102295,false,4000.0,NS_NET136_L_S2_1(7),4e188ac9-e507-46b1-b8e2-376cf7c6ceb1,,,,"cosPhiFixed:{(0.00,1.00)}",4.1237101554870605,h0
3857ce77-a630-4b43-a1a1-6bebc0817e1d,0.9700000286102295,false,4000.0,NS_NET136_L_S2_4(2),81cd3f38-867b-4a71-ba22-cb33834e0e58,,,,"cosPhiFixed:{(0.00,1.00)}",4.1237101554870605,h0
72e4504c-0362-4fe0-a6be-43870f627f7f,0.9700000286102295,false,4000.0,NS_NET136_L_S1_5(8),926d6113-933f-49e3-9529-a3035acdc9b2,,,,"cosPhiFixed:{(0.00,1.00)}",4.1237101554870605,h0
ab77ac85-7990-4b93-a4e7-6fb812ad345a,0.949999988079071,false,4000.0,NS_NET146_L_F3_(3),8b92ad35-8b0a-49b9-9f66-f42ddfeb9c65,,,,"cosPhiFixed:{(0.00,1.00)}",2.3157899379730225,h0
1aeeacdc-e61b-4d44-ac76-699c7b459325,0.9700000286102295,false,4000.0,NS_NET116_L_S1_3(2),e4c8b492-965c-4b5a-8d14-e8ff2c027ce9,,,,"cosPhiFixed:{(0.00,1.00)}",4.1237101554870605,h0
3025fcc5-7a14-4bbe-93a1-0b2533306ea1,0.949999988079071,false,4000.0,NS_NET146_L_F1_(11),666757e2-292e-473c-ac9c-04c0786574bc,,,,"cosPhiFixed:{(0.00,1.00)}",2.3157899379730225,h0
a82e1da2-1af2-40d8-b8f9-b4027118d029,0.9700000286102295,false,4000.0,NS_NET116_L_S2_4(5),e05c68b1-11cd-43fd-a4b2-31e4db380c78,,,,"cosPhiFixed:{(0.00,1.00)}",4.1237101554870605,h0
2848033f-54ed-4507-8d9c-59ec3eb5c3a9,0.949999988079071,false,4000.0,NS_NET126_L_F1_(19),d2aff632-fc26-4595-931c-92e266247ac8,,,,"cosPhiFixed:{(0.00,1.00)}",2.3157899379730225,h0
ae80f9a2-151c-4f24-99bf-928032df3383,0.9700000286102295,false,4000.0,NS_NET116_L_S3_5(6),b9a28095-68f7-44c1-9ccc-6efc5ea84c59,,,,"cosPhiFixed:{(0.00,1.00)}",4.1237101554870605,h0
8df8d6b5-ef51-4901-aaed-bf29c912acd5,0.949999988079071,false,4000.0,NS_NET146_L_F3_(21),a4a44d93-48d6-4b87-8053-87fe0778e75c,,,,"cosPhiFixed:{(0.00,1.00)}",2.3157899379730225,h0
e3e2d73e-3dfc-42ae-ad50-fadebdf38868,0.949999988079071,false,4000.0,NS_NET126_L_F1_(26),3802b603-d08d-4031-b7d7-e29734bcc122,,,,"cosPhiFixed:{(0.00,1.00)}",2.3157899379730225,h0
a4145b3e-7143-4618-99f1-16b43aec3c9e,0.9700000286102295,false,4000.0,NS_NET136_L_S2_3(5),fd534474-cd65-47aa-8005-dc50d17d6920,,,,"cosPhiFixed:{(0.00,1.00)}",4.1237101554870605,h0
ee33524a-6c8e-4c12-8b40-7a116e386dbd,0.9700000286102295,false,4000.0,NS_NET116_L_S2_5(3),32bd37df-255b-4eb2-9d16-5b711132eee6,,,,"cosPhiFixed:{(0.00,1.00)}",4.1237101554870605,h0
0211454c-9be4-470f-9cf5-cef9b87cb640,0.9700000286102295,false,4000.0,NS_NET116_L_S3_2(5),550ebca7-1455-44eb-9431-ffbf08e58bd4,,,,"cosPhiFixed:{(0.00,1.00)}",4.1237101554870605,h0
528616f2-81a9-44ad-b103-e36cf5c585d9,0.949999988079071,false,4000.0,NS_NET146_L_F2_(28),ca438ab9-3abc-4416-91d1-df01d1c5fa5a,,,,"cosPhiFixed:{(0.00,1.00)}",2.3157899379730225,h0
bee4283a-0d36-4f98-a837-23d0667a6675,0.949999988079071,false,4000.0,NS_NET126_L_F3_(9),bbd210a5-eb85-4616-bdd0-72bbd3ed7ef9,,,,"cosPhiFixed:{(0.00,1.00)}",2.3157899379730225,h0
5cffadab-94f6-4d98-a804-9d74189982cc,0.9700000286102295,false,4000.0,NS_NET116_L_S3_5(7),b9a28095-68f7-44c1-9ccc-6efc5ea84c59,,,,"cosPhiFixed:{(0.00,1.00)}",4.1237101554870605,h0
c2446989-6050-49f9-ab98-d8cfb8058709,0.949999988079071,false,4000.0,NS_NET126_L_F2_(26),5545d21b-bdc8-495f-bd28-d22ffcc0fafc,,,,"cosPhiFixed:{(0.00,1.00)}",2.3157899379730225,h0
a08a45bb-552f-435d-b614-aed657073527,0.949999988079071,false,4000.0,NS_NET126_L_F2_(15),2645e336-b0df-4d1e-a0ea-375444488f06,,,,"cosPhiFixed:{(0.00,1.00)}",2.3157899379730225,h0
6bd61b8c-2b53-4fc8-8e35-b17ed81ba8c9,0.9700000286102295,false,4000.0,NS_NET136_L_S3_4(7),2a816043-d1d2-44a6-8a9b-f61a4933997b,,,,"cosPhiFixed:{(0.00,1.00)}",4.1237101554870605,h0
d957a9c6-500e-457d-918b-7f6c4e560bbc,0.949999988079071,false,4000.0,NS_NET146_L_F1_(15),00bbc353-d47e-4865-a696-fe5d29b9e6a2,,,,"cosPhiFixed:{(0.00,1.00)}",2.3157899379730225,h0
5c3fb165-f374-44fa-802e-e82e5a2538f0,0.9700000286102295,false,4000.0,NS_NET136_L_S2_2(4),cbcfc3b6-ac90-4215-975c-a033f5cf9912,,,,"cosPhiFixed:{(0.00,1.00)}",4.1237101554870605,h0
689527be-31a0-4791-970d-8542e367401c,0.949999988079071,false,4000.0,NS_NET126_L_F2_(23),9b509c7d-4647-40fd-b03e-7ab919215cc6,,,,"cosPhiFixed:{(0.00,1.00)}",2.3157899379730225,h0
a0147111-39c4-465a-8a10-48d1de1d349c,0.949999988079071,false,4000.0,NS_NET126_L_F3_(19),922a6375-b97c-412e-a6c9-b0ea55a23f76,,,,"cosPhiFixed:{(0.00,1.00)}",2.3157899379730225,h0
20f3da7f-110c-48d6-b6f0-9df6f6dfecbc,0.9700000286102295,false,4000.0,NS_NET116_L_S1_3(3),e4c8b492-965c-4b5a-8d14-e8ff2c027ce9,,,,"cosPhiFixed:{(0.00,1.00)}",4.1237101554870605,h0
4642d648-b0dd-4597-a3bd-2cc1fce74f27,0.9700000286102295,false,4000.0,NS_NET116_L_S3_1(1),4a6f6058-e654-464d-9367-2dca7185c6d7,,,,"cosPhiFixed:{(0.00,1.00)}",4.1237101554870605,h0
477fdcdc-1983-4190-8f83-3f32ce95d1df,0.949999988079071,false,4000.0,NS_NET146_L_F3_(28),c72a08bc-4685-49b1-b8ef-803aebc8c388,,,,"cosPhiFixed:{(0.00,1.00)}",2.3157899379730225,h0
1469946c-101e-42e9-9e48-28801e9610af,0.9700000286102295,false,4000.0,NS_NET126_L_F1_(28),0c266541-6235-4d01-8258-e763c58af6c7,,,,"cosPhiFixed:{(0.00,1.00)}",2.0618600845336914,h0
00a6de01-2304-484b-90f2-5abb044167a3,0.9700000286102295,false,4000.0,NS_NET116_L_S2_2(2),d53ff076-dadd-44f8-85d4-68f48991f7d0,,,,"cosPhiFixed:{(0.00,1.00)}",4.1237101554870605,h0
58b9f934-f7c4-4335-9894-3c80d9e6b852,0.949999988079071,false,4000.0,HS_NET1_L_S3,33f29587-f63e-45b7-960b-037bda37a3cb,,,,"cosPhiFixed:{(0.00,1.00)}",42105.30078125,h0
c1049c54-1558-4d61-b47f-004b17e38770,0.949999988079071,false,4000.0,NS_NET126_L_F4_(16),b8fa1f73-223c-4b08-a140-44f12484cce3,,,,"cosPhiFixed:{(0.00,1.00)}",2.3157899379730225,h0
a00956d5-6648-484c-a485-b3491c5181c2,0.949999988079071,false,4000.0,NS_NET126_L_F1_(20),36cda100-86ae-4a20-ac71-20af603ac0cf,,,,"cosPhiFixed:{(0.00,1.00)}",2.3157899379730225,h0
cb0661c0-15fb-4475-9e0b-fbcf734e19c7,0.949999988079071,false,4000.0,NS_NET146_L_F1_(4),dd9d4153-c56f-4457-ad5e-46a48d4486b6,,,,"cosPhiFixed:{(0.00,1.00)}",2.3157899379730225,h0
8c9dbef2-bf3d-4f5b-bc9f-6c867f016c89,0.9700000286102295,false,4000.0,NS_NET136_L_S3_5(1),3bc8235b-03b5-489b-81a2-58d520fbe28e,,,,"cosPhiFixed:{(0.00,1.00)}",4.1237101554870605,h0
599e7b5f-7a78-4bb4-a3c3-e6f2779bbda2,0.9700000286102295,false,4000.0,NS_NET136_L_S3_5(2),3bc8235b-03b5-489b-81a2-58d520fbe28e,,,,"cosPhiFixed:{(0.00,1.00)}",4.1237101554870605,h0
09a47013-bac7-4879-9b8a-9dd854ea9786,0.949999988079071,false,4000.0,NS_NET126_L_F1_(23),94713e6c-c47e-422c-8ab3-2a2903b7dcd2,,,,"cosPhiFixed:{(0.00,1.00)}",2.3157899379730225,h0
0045a53f-8f38-4239-8109-073a768cc593,0.949999988079071,false,4000.0,NS_NET146_L_F4_(1),ead38a50-b8f7-4bbb-b65d-f54350825e8e,,,,"cosPhiFixed:{(0.00,1.00)}",2.3157899379730225,h0
9219bda4-01ce-4067-92b1-595b86e9bbdf,0.9700000286102295,false,4000.0,NS_NET116_L_S1_1(5),8a50fb37-81cf-47c9-8850-a12b4391e2e7,,,,"cosPhiFixed:{(0.00,1.00)}",4.1237101554870605,h0
62800519-5f5f-4081-ae89-9b2b0784a714,0.949999988079071,false,4000.0,NS_NET126_L_F2_(6),9d7038e9-5bcc-4676-bead-46c4f1291ba8,,,,"cosPhiFixed:{(0.00,1.00)}",2.3157899379730225,h0
67379832-1cfb-4015-ac96-0fe499463c42,0.949999988079071,false,4000.0,NS_NET126_L_F4_(3),1cb45ba0-d2c2-45a6-9bb2-5f374e30a6e9,,,,"cosPhiFixed:{(0.00,1.00)}",2.3157899379730225,h0
3eac1fa7-99ba-4f3e-bc50-c7b88a022734,0.949999988079071,false,4000.0,NS_NET126_L_F1_(12),9d10a92f-576d-4777-99ff-59d145924fea,,,,"cosPhiFixed:{(0.00,1.00)}",2.3157899379730225,h0
8f6178ef-fc51-431e-a91a-1b1802a7373c,0.9700000286102295,false,4000.0,NS_NET116_L_S2_1(5),39112046-8953-4e73-a5d9-6a8183a77436,,,,"cosPhiFixed:{(0.00,1.00)}",4.1237101554870605,h0
d95c7612-af94-4ac4-94a0-a1dca839f33a,0.9700000286102295,false,4000.0,NS_NET116_L_S3_2(4),550ebca7-1455-44eb-9431-ffbf08e58bd4,,,,"cosPhiFixed:{(0.00,1.00)}",4.1237101554870605,h0
283a1252-a774-4b04-bfcf-fe8879065982,0.949999988079071,false,4000.0,HS_NET1_L_S4,401f37f8-6f2c-4564-bc78-6736cb9cbf8d,,,,"cosPhiFixed:{(0.00,1.00)}",42105.30078125,h0
f880a0dd-991c-4646-a0a4-c6c877171870,0.9700000286102295,false,4000.0,MS4_Last_04,890f2162-b4cb-49e7-a16f-4b552c5e245c,,,,"cosPhiFixed:{(0.00,1.00)}",320.0,h0
dd53cc4e-93a6-47f1-afa0-a46f82e3b371,0.949999988079071,false,4000.0,NS_NET146_L_F4_(11),8b3e3802-5213-46d0-a498-15eb6e5852b5,,,,"cosPhiFixed:{(0.00,1.00)}",2.3157899379730225,h0
aef6783d-889c-48a2-bdf5-7a9086a73548,0.9700000286102295,false,4000.0,NS_NET116_L_S1_2(7),3e21f3a1-2c9c-4138-bcc9-466b004609ed,,,,"cosPhiFixed:{(0.00,1.00)}",4.1237101554870605,h0
9b12597e-619f-4953-86c6-21f8d262bfbd,0.949999988079071,false,4000.0,NS_NET146_L_F4_(6),49dcfc70-76ca-4f6f-83f7-0bc2aab1ae34,,,,"cosPhiFixed:{(0.00,1.00)}",2.3157899379730225,h0
a34932f7-012c-4a27-aa5f-4dd043028d5e,0.9700000286102295,false,4000.0,NS_NET116_L_S2_1(8),39112046-8953-4e73-a5d9-6a8183a77436,,,,"cosPhiFixed:{(0.00,1.00)}",4.1237101554870605,h0
db87c6cf-7673-4e25-b510-50086de5d4b8,0.949999988079071,false,4000.0,NS_NET126_L_F1_(24),4f2402e8-664a-40f2-970a-abc098a2a0d1,,,,"cosPhiFixed:{(0.00,1.00)}",2.3157899379730225,h0
9e5845cb-9ad1-42c6-8630-724375a4e323,0.9700000286102295,false,4000.0,NS_NET136_L_S1_1(8),535b3fa4-ed67-4ab1-9a68-e7db83e05967,,,,"cosPhiFixed:{(0.00,1.00)}",4.1237101554870605,h0
2ba29ae5-8b0a-4fee-be31-c6d0cc83f97e,0.9700000286102295,false,4000.0,NS_NET136_L_S2_4(6),81cd3f38-867b-4a71-ba22-cb33834e0e58,,,,"cosPhiFixed:{(0.00,1.00)}",4.1237101554870605,h0
791307b1-d235-4df9-9400-e6c2af8b3825,0.9700000286102295,false,4000.0,NS_NET136_L_S1_1(2),535b3fa4-ed67-4ab1-9a68-e7db83e05967,,,,"cosPhiFixed:{(0.00,1.00)}",4.1237101554870605,h0
1d96cdde-d9d3-4d47-b3a4-60474b9caa92,0.9700000286102295,false,4000.0,MS2_Last_05,582ed42c-fd18-49ae-bdf5-6aa59353c7e3,,,,"cosPhiFixed:{(0.00,1.00)}",320.0,h0
47878ba6-7b08-4af8-a7ab-c859d0ac3415,0.9700000286102295,false,4000.0,NS_NET136_L_S1_3(5),eb95ff15-56db-4463-bb54-0ee131167812,,,,"cosPhiFixed:{(0.00,1.00)}",4.1237101554870605,h0
d7a977d9-d95f-46f1-b993-2ba120bcd366,0.949999988079071,false,4000.0,NS_NET146_L_F1_(23),1a1e63f7-6196-4856-9f4e-876a44bdf2f8,,,,"cosPhiFixed:{(0.00,1.00)}",2.3157899379730225,h0
61314082-488b-4045-8c90-dad4629be04c,0.949999988079071,false,4000.0,NS_NET126_L_F2_(10),3d81adf5-73d1-4708-b03b-3afc7db017f4,,,,"cosPhiFixed:{(0.00,1.00)}",2.3157899379730225,h0
1610169b-0870-40d0-bc26-259e443b30db,0.9700000286102295,false,4000.0,NS_NET136_L_S3_5(4),3bc8235b-03b5-489b-81a2-58d520fbe28e,,,,"cosPhiFixed:{(0.00,1.00)}",4.1237101554870605,h0
8a535e63-ff09-4236-ac68-fb6a21bb0516,0.9700000286102295,false,4000.0,NS_NET116_L_S1_2(5),3e21f3a1-2c9c-4138-bcc9-466b004609ed,,,,"cosPhiFixed:{(0.00,1.00)}",4.1237101554870605,h0
ec035312-7214-4060-a502-71cbe819f32a,0.9700000286102295,false,4000.0,NS_NET136_L_S2_1(1),4e188ac9-e507-46b1-b8e2-376cf7c6ceb1,,,,"cosPhiFixed:{(0.00,1.00)}",4.1237101554870605,h0
099f4cde-75ca-4928-904d-37717b5b1b02,0.9700000286102295,false,4000.0,NS_NET116_L_S2_1(3),39112046-8953-4e73-a5d9-6a8183a77436,,,,"cosPhiFixed:{(0.00,1.00)}",4.1237101554870605,h0
4924a294-0f71-4f0d-a058-447a1a74de6c,0.9700000286102295,false,4000.0,NS_NET136_L_S2_4(8),81cd3f38-867b-4a71-ba22-cb33834e0e58,,,,"cosPhiFixed:{(0.00,1.00)}",4.1237101554870605,h0
903c6f31-7c78-4d1e-b4ee-bf0dcbb9e938,0.949999988079071,false,4000.0,NS_NET146_L_F1_(10),6c24b464-790a-4aae-bb11-766718f07cd5,,,,"cosPhiFixed:{(0.00,1.00)}",2.3157899379730225,h0
99a1fb27-fa7c-440b-9f25-74237b4e0279,0.949999988079071,false,4000.0,NS_NET126_L_F3_(24),97ae0aa4-bf05-4b88-8020-83cbda415d22,,,,"cosPhiFixed:{(0.00,1.00)}",2.3157899379730225,h0
571ee907-5b24-46df-872d-560c5f119800,0.9700000286102295,false,4000.0,NS_NET116_L_S1_4(5),b3a7431d-89b0-41cb-87a9-5853890796cd,,,,"cosPhiFixed:{(0.00,1.00)}",4.1237101554870605,h0
1f901bde-3ada-4e30-8a4c-a264df5b2f38,0.9700000286102295,false,4000.0,NS_NET136_L_S2_2(5),cbcfc3b6-ac90-4215-975c-a033f5cf9912,,,,"cosPhiFixed:{(0.00,1.00)}",4.1237101554870605,h0
40550e1d-7453-4f20-a5e5-8839d17c2fdf,0.9700000286102295,false,4000.0,NS_NET136_L_S2_3(7),fd534474-cd65-47aa-8005-dc50d17d6920,,,,"cosPhiFixed:{(0.00,1.00)}",4.1237101554870605,h0
9993f48a-8ee2-49b7-af31-afbfa3690c45,0.9700000286102295,false,4000.0,MS3_Last_07,40b0f497-96a3-49d9-9503-8fa67a5b532a,,,,"cosPhiFixed:{(0.00,1.00)}",2400.0,h0
f2284780-6019-4864-bf29-915330717f5b,0.9700000286102295,false,4000.0,NS_NET116_L_S2_5(5),32bd37df-255b-4eb2-9d16-5b711132eee6,,,,"cosPhiFixed:{(0.00,1.00)}",4.1237101554870605,h0
32d607eb-c3a1-4906-af14-9e7bf12e5a20,0.9700000286102295,false,4000.0,NS_NET146_L_F1_(36),8f80e777-ccbd-4630-b10e-238e824113fd,,,,"cosPhiFixed:{(0.00,1.00)}",2.0618600845336914,h0
4384a56f-5b34-430c-89d8-354f367fa7ff,0.949999988079071,false,4000.0,NS_NET146_L_F3_(29),15345698-c319-461f-b969-37d50fb84220,,,,"cosPhiFixed:{(0.00,1.00)}",2.3157899379730225,h0
d5e593f1-727e-4983-8abe-92a328aa203b,0.9700000286102295,false,4000.0,NS_NET116_L_S2_5(2),32bd37df-255b-4eb2-9d16-5b711132eee6,,,,"cosPhiFixed:{(0.00,1.00)}",4.1237101554870605,h0
c2402412-97fa-4ca4-aa66-e6e04d010001,0.9700000286102295,false,4000.0,NS_NET126_L_F1_(36),ca3391eb-ca94-4945-ac72-e116f396f82c,,,,"cosPhiFixed:{(0.00,1.00)}",2.0618600845336914,h0
e2795c9b-dddb-4012-b56c-e24c3d1c3cdf,0.9700000286102295,false,4000.0,NS_NET136_L_S1_1(6),535b3fa4-ed67-4ab1-9a68-e7db83e05967,,,,"cosPhiFixed:{(0.00,1.00)}",4.1237101554870605,h0
d5a1a95f-e2b8-402c-86e6-617489ca865d,0.9700000286102295,false,4000.0,NS_NET116_L_S3_3(3),d69efff2-ba8b-4aa6-a4a1-27267964147a,,,,"cosPhiFixed:{(0.00,1.00)}",4.1237101554870605,h0
b334c8b6-0f65-4891-a761-5208a39aa9d0,0.949999988079071,false,4000.0,NS_NET126_L_F3_(8),6dcdc87b-a719-416f-9da1-21a701048f3a,,,,"cosPhiFixed:{(0.00,1.00)}",2.3157899379730225,h0
cc470184-d4ce-468a-b7ef-ed2cb84debfd,0.9700000286102295,false,4000.0,NS_NET116_L_S1_1(4),8a50fb37-81cf-47c9-8850-a12b4391e2e7,,,,"cosPhiFixed:{(0.00,1.00)}",4.1237101554870605,h0
cec8879b-a90b-4e15-b664-a7ed0739ae0a,0.9700000286102295,false,4000.0,NS_NET136_L_S1_2(6),032768b4-2426-4abf-806b-83813ac5137a,,,,"cosPhiFixed:{(0.00,1.00)}",4.1237101554870605,h0
87fb203a-6cbb-4598-8172-8cdef6b04a63,0.949999988079071,false,4000.0,NS_NET146_L_F2_(26),86af5351-87ef-49c6-bd17-673dceecee5b,,,,"cosPhiFixed:{(0.00,1.00)}",2.3157899379730225,h0
6e260432-2b25-444f-8e37-5300eee5a89e,0.949999988079071,false,4000.0,NS_NET146_L_F2_(2),69efeb2d-9845-49ac-8500-5e017a7a64ef,,,,"cosPhiFixed:{(0.00,1.00)}",2.3157899379730225,h0
e65cd082-dd8f-45d6-895c-e14357e76ac8,0.9700000286102295,false,4000.0,NS_NET136_L_S1_2(2),032768b4-2426-4abf-806b-83813ac5137a,,,,"cosPhiFixed:{(0.00,1.00)}",4.1237101554870605,h0
