uuid,b_m,d_phi,d_v,g_m,id,r_sc,s_rated,tap_max,tap_min,tap_neutr,tap_side,v_rated_a,v_rated_b,x_sc
49cfe484-0183-4a23-a922-d72909dba673,0.0,0.0,0.5,0.0,MS-NS_2,25.0,400.0,10,-10,0,false,20.0,0.4,31.225
cf7b1102-8dbd-4da2-a469-90800b3394b6,0.0,0.0,1.5,0.0,HS-MS_1,45.375,20000.0,10,-10,0,false,110.0,20.0,102.759
97735722-05cc-4ca8-8a8d-c08ac3ded19a,-1.27,0.0,1.5,555.5,HÃ¶S-HS_1,5.415,200000.0,5,-5,0,false,380.0,110.0,108.165
4984f493-d6e5-4201-a040-c10722b30362,0.0,0.0,0.5,0.0,MS-NS_1,10.078,630.0,10,-10,0,false,20.0,0.4,23.312
1214c366-826e-4aeb-88f5-af8f40acaa04,0.0,0.0,1.5,0.0,HS-MS_1,45.375,20000.0,10,-10,0,false,110.0,20.0,102.759
14b1798a-6903-49d6-8578-ad2a7d399341,0.0,0.0,1.5,0.0,HS-MS_1,45.375,20000.0,10,-10,0,false,110.0,20.0,102.759
f88989c7-9812-4b3e-9bc0-3df29f1e5ae1,0.0,0.0,0.5,0.0,MS-NS_1,10.078,630.0,10,-10,0,false,20.0,0.4,23.312
5901c24c-0c64-4be7-82df-21d4335abdb7,0.0,0.0,1.5,0.0,HS-MS_1,45.375,20000.0,10,-10,0,false,110.0,20.0,102.759
a7a3d9b8-da90-4670-b865-4a527df542bd,0.0,0.0,0.5,0.0,MS-NS_1,10.078,630.0,10,-10,0,false,20.0,0.4,23.312
