uuid,day_type,minute_of_day,probability
e393ba65-116a-4353-93e5-67568e994b55,weekday,0,0.0005230125523012552
d62aecd3-8ed9-4128-ac58-1ecc38d950d6,weekday,5,8.172071129707113e-05
af649866-be6b-4bc8-95b0-9d0187df8355,weekday,10,4.903242677824268e-05
60c3b497-f336-4945-b3bc-5c5701e99e32,weekday,13,1.6344142259414225e-05
bd2d17c2-6283-47fd-b9c1-795b397a51c2,weekday,15,0.0001961297071129707
7bbc0ab4-466c-482d-aba8-2f17dd26180b,weekday,20,9.806485355648535e-05
3d030ff5-913e-452b-aca1-86d9ebc6f7aa,weekday,25,3.268828451882845e-05
f7750b64-ed82-400e-b846-e12a930bcab7,weekday,30,0.0003432269874476987
c804d092-d5b2-487d-b79c-3bbdd94efbd9,weekday,40,1.6344142259414225e-05
05674822-e653-422b-ad89-3522930fdcef,weekday,45,4.903242677824268e-05
40ba39d9-5dd3-45be-808d-c780ae7b258d,weekday,55,1.6344142259414225e-05
7e91f4ec-7311-4633-b55f-cde6f703b0ab,weekday,60,0.0002941945606694561
47b6225d-d1aa-4ac0-989f-d6b67680ec77,weekday,65,3.268828451882845e-05
e0ab7a2f-9560-4005-81f8-eabe0298d665,weekday,70,4.903242677824268e-05
bf8f4b93-9e2e-45ca-8a35-7969a8a062ea,weekday,75,6.53765690376569e-05
6080ff64-cedf-4a0d-9548-320de4e5799f,weekday,80,3.268828451882845e-05
a3b76735-4e6f-443c-852d-d08d267514a4,weekday,85,1.6344142259414225e-05
8b09dad5-56bd-4d31-ba5f-c5ae82d04071,weekday,90,0.0001797855648535565
b3d972d4-9c1f-44ab-b094-93955538edbf,weekday,95,1.6344142259414225e-05
3300155c-d24e-4763-91f1-32ad0df02e46,weekday,100,3.268828451882845e-05
f15ac5c4-2416-4270-b4b0-5271dfe7fa34,weekday,105,3.268828451882845e-05
ef7b9d17-68a7-4986-a59a-d1d4afbd8f93,weekday,120,0.0002615062761506276
a552054a-37d2-4d79-b43d-1d195dc8a5ea,weekday,125,1.6344142259414225e-05
e3ee0769-1888-4419-8b91-062465d33fb1,weekday,130,4.903242677824268e-05
02e5cc3a-7aa0-439e-8fb9-126e860e1368,weekday,135,0.0001307531380753138
3b9ae299-be0d-473f-801d-ac42cc6cbab3,weekday,140,3.268828451882845e-05
cf53ae40-291d-4246-ba26-1e8e2e905bce,weekday,145,4.903242677824268e-05
247b018b-5aa8-4277-a6ba-76c9710b435b,weekday,150,0.00011440899581589958
f0170105-09fa-4f6e-ac28-3229a8a2aaad,weekday,155,3.268828451882845e-05
3ec4d703-22f4-4784-8905-0d8857771295,weekday,160,6.53765690376569e-05
7bae1101-90d7-4d64-a016-7bb73c9e9824,weekday,165,0.00011440899581589958
1676ff43-67c4-4985-8916-6aec1a26f3c5,weekday,170,3.268828451882845e-05
ec174740-be20-4a9b-aa49-d726e98ffefb,weekday,180,0.00027785041841004186
89eb829f-52ce-4055-b5a2-c56894d46f05,weekday,185,3.268828451882845e-05
b7ea50a8-3436-4989-813f-d5f7fd8c4a2b,weekday,190,0.0001307531380753138
9774f1d2-c293-4c54-a06e-235e33b43923,weekday,195,0.00011440899581589958
76d69342-e3ac-4861-8dc4-9192d3a13d6e,weekday,199,1.6344142259414225e-05
cbd0457a-0a9f-4c8e-a8b7-544f1fdda547,weekday,200,0.0001307531380753138
6fbbc9b3-383f-4190-bf7c-bbc472f4d4c5,weekday,205,4.903242677824268e-05
9f5ec15a-144d-475d-a0ea-ea4cfdfbbda3,weekday,210,0.0003922594142259414
e0dfacb6-a95b-4a21-9888-90f57dc87990,weekday,215,8.172071129707113e-05
7978d2a3-dc89-4dd1-8a52-7321db999307,weekday,220,8.172071129707113e-05
16b39d44-a3f5-4ab6-b778-1c002f292e7e,weekday,225,0.0001797855648535565
202cfe8c-e9d1-4d2d-a539-e8d2624af4d7,weekday,230,0.0001307531380753138
d49a637d-98f9-4cda-b072-327b1c29376a,weekday,235,6.53765690376569e-05
7adcfb5a-f8e4-4f8f-a623-9f6001993015,weekday,240,0.0008335512552301255
aba96ac7-be63-4efc-afc2-5764f76913c9,weekday,245,9.806485355648535e-05
8bed1070-c260-41b6-bda0-6fd14f268f52,weekday,250,0.00022881799163179916
23d7c3e4-a4e6-46c1-9063-8cc36d96aabc,weekday,253,1.6344142259414225e-05
de55bb32-2d06-4879-8482-eed03da5371d,weekday,255,0.0003105387029288703
331e10ef-242a-440c-90b9-4550f5eb2660,weekday,256,1.6344142259414225e-05
ea29e52f-263b-49ff-aa29-91c29e289bc0,weekday,260,0.00027785041841004186
fab08909-ca2f-4bfd-ad18-3d08eb59d68e,weekday,265,0.00011440899581589958
fac6a7c6-323b-4433-964e-959efc9c7866,weekday,268,1.6344142259414225e-05
4824b90f-f572-4624-9504-22d90125b060,weekday,270,0.001944952928870293
c57b2059-f1b0-4e36-ad8b-09364b757081,weekday,275,0.00021247384937238495
fe29cf75-10eb-4972-9a91-7fc193e128da,weekday,280,0.0003922594142259414
0d84730c-dfb9-4585-b0f2-5335688a9427,weekday,285,0.0013729079497907949
dd6ddcfe-7cd6-4dcb-8665-a9b4aa0cf555,weekday,287,1.6344142259414225e-05
bfb519bc-7fe4-4daa-96e5-2f39a73f1c2d,weekday,288,1.6344142259414225e-05
aad54902-c371-4b13-9d55-e6d0d7c5cf91,weekday,290,0.0005720449790794979
d13220c9-512b-4f50-ab7e-5ac5d52b3606,weekday,295,0.0005393566945606695
227fc3d5-c4b6-4e51-9c8c-45d54026a71f,weekday,298,1.6344142259414225e-05
381c3291-5be3-4752-a6c7-d7a79ad3dfb7,weekday,299,1.6344142259414225e-05
a6c779e3-77a4-4400-91ab-c9214f4a4555,weekday,300,0.005704105648535565
20aa7e1f-8209-43d1-b70c-eb1718939caa,weekday,302,1.6344142259414225e-05
d5a02a41-a073-4102-b06d-92cbf11457e1,weekday,303,3.268828451882845e-05
0523acd4-48f2-4db3-a5e1-762d61198b9a,weekday,304,1.6344142259414225e-05
562646d3-34a0-4bb9-9426-674e74ab5890,weekday,305,0.0005883891213389122
fba55627-0a76-4c03-a27e-e4519ae2d977,weekday,306,1.6344142259414225e-05
164fdc04-705d-4a46-aec9-016c5b889954,weekday,307,3.268828451882845e-05
0c0a3a67-c48a-4d2f-8865-e1cdd0b2cdac,weekday,310,0.0018959205020920502
1ddc08cc-9f86-4cc7-a4fa-4463cea6e069,weekday,311,1.6344142259414225e-05
15dd61dc-3c24-4b04-b8c1-fe2ae865c3bf,weekday,312,3.268828451882845e-05
d7c4d423-c07d-4c99-b6d6-e1bec20c8a0c,weekday,315,0.0037264644351464437
e9fa447a-83b0-4a58-91d0-80de3847a901,weekday,317,3.268828451882845e-05
c037e311-f545-499e-8916-faa310e00d76,weekday,318,1.6344142259414225e-05
68c1591f-ff73-41d0-b54f-24b3fb6b0778,weekday,320,0.0027294717573221757
bb3830b0-811b-495a-8138-4d468340999d,weekday,321,1.6344142259414225e-05
8dad2bf6-e3fa-4701-bfaf-283988bc21e5,weekday,322,4.903242677824268e-05
7081041f-2e84-4b89-b621-44a430087e96,weekday,324,1.6344142259414225e-05
45a61fe8-63f2-483b-8051-8f1a1a741efe,weekday,325,0.0019939853556485356
0f540402-d803-4f7f-8ae8-7685178694e9,weekday,326,1.6344142259414225e-05
f16248f2-dbba-48c0-8b13-a9c60529af46,weekday,327,1.6344142259414225e-05
de7519dd-8d28-48f6-8164-06c0825ac2d9,weekday,330,0.011996600418410042
17b00ebd-d40b-40d3-97f6-53647df0b8df,weekday,334,3.268828451882845e-05
017e8c27-403e-41ea-9aad-e8d030130c6e,weekday,335,0.002239147489539749
f8ffa938-e426-45da-b097-e25dacc304a9,weekday,336,8.172071129707113e-05
a5cab247-c4d5-4e76-a016-4233884a0d56,weekday,337,3.268828451882845e-05
00cffe50-dc3e-4a9f-a0c7-71592e2aee31,weekday,338,4.903242677824268e-05
1d9d4cd1-baa5-4abc-8787-2d899ca34ec7,weekday,339,3.268828451882845e-05
b7e56151-2f34-42c0-8e83-8e4e7b06a8fe,weekday,340,0.0033015167364016736
a1970312-c74d-4303-877e-b6d1f3037a62,weekday,341,1.6344142259414225e-05
07fe2e26-dc26-458f-a10a-53fd4e853079,weekday,342,1.6344142259414225e-05
15483567-299c-4ab9-ac12-efc25037a18e,weekday,345,0.0061780857740585775
bddc2fea-7521-4758-9fef-f081d720610b,weekday,346,1.6344142259414225e-05
d895a2f7-0bfd-448c-8324-82a796dee49d,weekday,348,1.6344142259414225e-05
2b96aa55-c008-4fe8-bd43-e05c002836c8,weekday,350,0.0036447437238493726
884412f7-705f-4b6c-9992-2ca534d7f369,weekday,353,3.268828451882845e-05
c73b410a-c7d2-477d-8146-586cad8e7afa,weekday,354,1.6344142259414225e-05
dd7580ab-a302-44f9-8aab-81a9bdeffd3f,weekday,355,0.001944952928870293
0f51a82b-2f35-4393-9070-510003619a14,weekday,356,4.903242677824268e-05
b4697c91-e6db-4aa5-944b-ac386c1b9f10,weekday,357,4.903242677824268e-05
61a8b0a0-a3f6-44b4-8632-252515aa3a1c,weekday,358,6.53765690376569e-05
dfc4a793-8d2b-47b4-8e3a-a45809a9266a,weekday,360,0.015625
3ecddd89-d4f8-4226-88c8-ccb8b8fdd153,weekday,361,3.268828451882845e-05
d0d2fb55-1e07-42d6-b19f-a1a464197d7a,weekday,362,1.6344142259414225e-05
e7ab3ef1-5fbf-48d1-97f0-161b6749ed4e,weekday,363,6.53765690376569e-05
04ec8743-a2bd-4f48-b86d-9c6aeab69804,weekday,364,4.903242677824268e-05
bdb4f0c5-4611-4408-9e5c-b1b9df3829b2,weekday,365,0.0026640951882845186
9d99d7ce-e32c-49fc-acc0-2bea08baa841,weekday,366,4.903242677824268e-05
1741d628-c23d-4ed1-bbd4-bc4455695695,weekday,367,8.172071129707113e-05
f7f4a16c-2a14-4afd-b812-fa6660089918,weekday,368,0.00014709728033472804
c6ec5684-fad4-4e48-bb4d-c766b8a351ab,weekday,369,3.268828451882845e-05
2d071b78-89ff-46b0-a364-743e8fcc3d8c,weekday,370,0.0048378661087866105
a0ed7648-b2cc-4161-b3e1-90ffeace4d87,weekday,371,6.53765690376569e-05
4c2fdb84-71e1-44d4-a61d-a77d9e08108b,weekday,372,4.903242677824268e-05
f8ac9e6d-c171-44b7-9ec1-0174d135ed16,weekday,374,3.268828451882845e-05
09686950-8826-4c7c-8f67-97b4fa15c617,weekday,375,0.010035303347280335
3924316b-9e74-43c2-a262-f4d2a9a91885,weekday,376,3.268828451882845e-05
9d351769-a561-4ff8-b37c-3acae1583c78,weekday,377,1.6344142259414225e-05
7b2338ab-42a0-49fe-9c62-5303a464bee1,weekday,378,9.806485355648535e-05
1a777128-9126-4d9d-8898-b166f3968da8,weekday,379,4.903242677824268e-05
7ef40862-1f32-4cba-a5de-dc0a9a25ff89,weekday,380,0.006210774058577406
1489eb2d-904b-4a73-bbcf-f9b86321c3a8,weekday,381,3.268828451882845e-05
bdb307b8-3daf-494c-8e62-24a29a63285a,weekday,383,1.6344142259414225e-05
d6eb0040-296c-458a-abf3-4119299b2cbc,weekday,385,0.003530334728033473
2bd754cc-7dbe-4d8c-b8cb-816c36cba715,weekday,386,4.903242677824268e-05
99a59356-d47b-476d-a48f-db024a7a6296,weekday,387,6.53765690376569e-05
f5d1ad40-e272-448b-b50e-38597386b07d,weekday,388,4.903242677824268e-05
a714e754-8229-4b6f-b508-7aaabc9b035e,weekday,389,4.903242677824268e-05
4c83b9f2-e693-479e-8a7d-202ed9ff7263,weekday,390,0.027752353556485355
f75688b6-72c5-4e6b-b725-f996b40d2808,weekday,391,1.6344142259414225e-05
3640264c-b898-4833-9eb6-c96f3f7a762e,weekday,392,9.806485355648535e-05
55ecb2af-67cc-4969-b66b-10bc6cc7100d,weekday,393,9.806485355648535e-05
d990486c-b04b-4340-8ee2-17cd4b18de1d,weekday,394,3.268828451882845e-05
6e34f41f-580e-4850-806f-113a5099c8b6,weekday,395,0.004494639121338912
a319f26d-8731-42f8-bad4-9028959d11d8,weekday,396,3.268828451882845e-05
404c09ca-ee36-4ec1-aac5-ed401906e77f,weekday,397,4.903242677824268e-05
12ea5c09-1ef0-4f8b-ac9f-ad7d97838a28,weekday,398,4.903242677824268e-05
82ba2a94-71fc-4625-aa79-64c6d0e94914,weekday,399,8.172071129707113e-05
fed5aad1-47a7-4c6b-ac05-ae2dab0cab5b,weekday,400,0.008433577405857741
a9d6fa74-30c3-45a2-aafb-b89afcb987d2,weekday,402,9.806485355648535e-05
2883fdf5-69e5-4a2a-a945-389a2373f564,weekday,403,0.00016344142259414225
a90915f9-abe9-452e-9099-47d42a06395b,weekday,404,8.172071129707113e-05
3f14180a-a965-4e25-a030-10f36d3e7f27,weekday,405,0.016834466527196654
c590eb13-0ea2-4caa-b9c4-4c5042d9e629,weekday,406,3.268828451882845e-05
83b20ccb-6f35-4c07-a05f-cd24415d17c1,weekday,407,4.903242677824268e-05
957eb19a-f387-49c5-824b-57835b50a6b6,weekday,408,0.00014709728033472804
6bcaaf4b-4b2a-406e-be97-22ed83051659,weekday,409,4.903242677824268e-05
fb87551f-e973-46f8-86a0-e5bb9137cf7f,weekday,410,0.009920894351464435
4d6bc933-c2af-462c-b239-3d9175f32347,weekday,411,1.6344142259414225e-05
1c845ec3-273b-4631-aa0b-4c4b8f7b55be,weekday,412,9.806485355648535e-05
bd6570b5-5972-45c7-8d16-d1f0f0907a52,weekday,413,0.00011440899581589958
78558f35-485e-49b8-af0f-6e3b23a9ae9d,weekday,414,3.268828451882845e-05
76c7bb82-6680-4e08-b27b-0142f0a5f4b1,weekday,415,0.0048378661087866105
b5eb5289-b76c-4734-ae22-8d9616ea4d62,weekday,416,6.53765690376569e-05
73e81b14-ab69-4415-bec4-dbb5794929a3,weekday,417,0.00011440899581589958
5989d1f9-b013-40cd-ae09-05f8e86a9b40,weekday,418,8.172071129707113e-05
774bc3ce-ffde-4c9f-a3f8-459cab6c652e,weekday,419,6.53765690376569e-05
72e630ac-e5e4-4089-b780-556342dc375b,weekday,420,0.04324660041841004
17856971-adb4-4e1f-861c-842cef997c70,weekday,422,0.0001797855648535565
15d72c83-2259-42e7-82b6-077497e72e04,weekday,423,0.00014709728033472804
89d7dd12-0c3b-4819-be8d-dd698f078ded,weekday,424,3.268828451882845e-05
859df2b3-7db9-4ee2-abee-bee37db1f41e,weekday,425,0.006864539748953975
b589f10a-9f49-4e42-912c-e54c3e06fb92,weekday,426,0.00016344142259414225
7bd052d5-5bc9-4a77-a7ca-9754e478de20,weekday,427,4.903242677824268e-05
26d62cac-a290-4b62-892f-2ee1f2f2b80c,weekday,428,0.0001307531380753138
02abc8a3-3d26-438c-94f7-601cd653012a,weekday,429,0.00011440899581589958
58b01a71-16ed-4b32-98f2-67cfbcd097cb,weekday,430,0.013042625523012552
e2c9148f-dc9c-49bd-b251-5d0a1d14b6f3,weekday,431,4.903242677824268e-05
914afc05-1d04-469a-880b-bf760c15e96a,weekday,432,0.00027785041841004186
0ee6f2d6-b3a3-4674-98b1-09fa1e48fe92,weekday,433,0.00011440899581589958
b8fd0992-c9cc-41de-97c0-153be3070bb7,weekday,434,0.0001307531380753138
f8b02694-289b-4977-a770-6dfea9c02c49,weekday,435,0.024581589958158997
c76b9d92-fd36-46f0-8064-f1a0180332cb,weekday,436,0.00011440899581589958
a2674550-c66a-485b-aa88-6a544a6094f4,weekday,437,0.00022881799163179916
df7dcef9-fd87-4945-b7d2-46e8ea0b35f0,weekday,438,0.0001797855648535565
a3811189-d102-4f4f-93a2-f01069ae7f54,weekday,439,8.172071129707113e-05
fcdbf6cf-96f4-4b30-8b1e-542a1ad7b439,weekday,440,0.013467573221757323
4df2fc17-be4f-4322-bd69-96c4005699b9,weekday,441,3.268828451882845e-05
a92a281a-d169-4818-b30f-4cda6307aa99,weekday,442,8.172071129707113e-05
6e82817c-b764-47cc-9507-03e5cbfa868d,weekday,443,9.806485355648535e-05
bee4e605-7452-4e58-bcf6-b008b6bb3c72,weekday,444,0.00016344142259414225
786626e9-1c0d-4024-99e9-f41d410e6869,weekday,445,0.008613362970711297
1bcccfb6-bc67-414a-9401-5b28a96d96a7,weekday,446,0.00022881799163179916
e26b9ad8-320e-4c15-970f-4efec7382ab9,weekday,447,0.00011440899581589958
30d21f3e-50e6-4f6d-ac5f-2806495a81f9,weekday,448,0.0001961297071129707
53aca4ce-8a2e-4a70-993e-916ab55cbe75,weekday,449,8.172071129707113e-05
910e30b5-64a6-4bfe-b6b2-c74b3f5542c7,weekday,450,0.05382126046025105
1de88195-3ff0-4223-bf49-37c91da0b57e,weekday,451,0.00011440899581589958
c7d7dce3-316b-46c5-8c85-feecd7432be0,weekday,452,0.00016344142259414225
cc258ddb-b4b7-42e8-a87e-84a79381a546,weekday,453,9.806485355648535e-05
3c5fbe8f-4794-41de-aa23-24175c3cea38,weekday,454,0.0001961297071129707
49a03d83-2f01-43f7-b5e0-33d64caace19,weekday,455,0.008580674686192469
31ea8c23-07d7-4010-8f7b-d0f3fec404e1,weekday,456,3.268828451882845e-05
7b2d80f1-9c20-4ce2-a5e7-7cdaca08aed7,weekday,457,0.00014709728033472804
5c919a1f-27e7-473c-b436-2e400aa57936,weekday,458,0.0001961297071129707
46798397-f098-422f-98df-75dc6c86c027,weekday,459,6.53765690376569e-05
faffc0a8-9f4e-486b-aa61-e20dfea3a241,weekday,460,0.012601333682008367
59987ed4-3a2d-4353-bac9-0bb2f5d95b44,weekday,461,3.268828451882845e-05
8d3497b7-9fe9-48c5-969b-fd959653cc3e,weekday,462,8.172071129707113e-05
290520f9-4bf8-4267-a9cc-f59f723aa4bf,weekday,463,8.172071129707113e-05
96e4306e-fcb8-4f7b-813b-e849ef4086e3,weekday,464,8.172071129707113e-05
5c6c24d7-5405-4b94-98bf-b221b6eb1594,weekday,465,0.02482675209205021
b48e3d42-302a-47c9-9c52-4460e290f859,weekday,466,3.268828451882845e-05
8afce428-bc64-4a20-9d51-ba93bf96bd3d,weekday,467,1.6344142259414225e-05
d5ba6883-6480-40d9-8fae-845838b0051e,weekday,468,0.00016344142259414225
b00101fc-21f7-4a7a-878c-7c10227a2aa7,weekday,469,6.53765690376569e-05
8fd842bc-d4cb-4de6-a865-10931b39623b,weekday,470,0.012274450836820083
8bde45d2-8525-4683-b580-b3c19306a120,weekday,472,8.172071129707113e-05
6d312b52-b453-4106-9815-77ab948f8fe2,weekday,473,0.00011440899581589958
6f4f2901-e864-49c5-b786-60833cb1bbb1,weekday,474,3.268828451882845e-05
00604293-ce48-4490-9b01-aee89212d507,weekday,475,0.005328190376569037
3ce72a3f-c060-422b-a94a-3b2c7a85b793,weekday,476,4.903242677824268e-05
840d6a9a-67d7-4334-836a-4c18b4e28c79,weekday,477,1.6344142259414225e-05
efda0e06-5db1-4def-bbd1-54ca6b00ca0c,weekday,478,9.806485355648535e-05
e374106a-fcdf-4309-9bae-2474e11e93ff,weekday,479,3.268828451882845e-05
ab36a705-603e-46ed-bdf1-36ea5a02db88,weekday,480,0.04386767782426778
ce127cf5-5ee7-468d-9286-27b0a3380fcb,weekday,481,4.903242677824268e-05
62a37e7a-0dfb-4e0e-bbcb-fe1d75a7a964,weekday,482,0.0001307531380753138
cdfe8ded-ee53-44eb-a557-567cf1bc8134,weekday,483,9.806485355648535e-05
2391a832-8400-44da-bf1e-783e51a87c5a,weekday,484,0.0001307531380753138
f6770c67-9a04-44a7-95ec-2f1ae1c4b42a,weekday,485,0.004412918410041841
a7673ade-13d3-47db-81c4-226f90f0ed08,weekday,486,8.172071129707113e-05
2d1dec29-6afa-471b-a4d2-9581a3332938,weekday,487,8.172071129707113e-05
f0f21418-157e-4392-bcae-664fa9432c01,weekday,488,6.53765690376569e-05
b21900e4-c708-4d5b-9b2e-9fa2777308b5,weekday,489,3.268828451882845e-05
37126bf3-973b-4b77-912d-5f7f9e803481,weekday,490,0.008335512552301255
2f8194d1-993b-49b0-932d-dc24f348f771,weekday,491,3.268828451882845e-05
75be4ec3-0279-4b6f-93ce-808805941109,weekday,492,6.53765690376569e-05
2259f267-de25-41ac-87f4-64694e4817ae,weekday,493,1.6344142259414225e-05
6e5be8f0-0c92-4a2c-a73c-275292806b9a,weekday,494,1.6344142259414225e-05
536e1070-940c-49dd-bd3f-9ea14713e5a2,weekday,495,0.01647489539748954
767b434d-919c-4281-8c23-6dbb12ce56b5,weekday,496,6.53765690376569e-05
cdbf73e5-4ca9-4327-bbae-610477047bc2,weekday,497,0.00011440899581589958
8d071404-84c9-44f5-8af0-c5f3835e1a53,weekday,498,8.172071129707113e-05
99cbfd86-7771-46e6-a04b-ec907d6613f7,weekday,499,3.268828451882845e-05
d78071ee-e2a7-4fb5-ad34-c8e6363cf9d2,weekday,500,0.00580217050209205
4d4ed8b0-b4e7-4429-979a-e22f7e69df55,weekday,501,3.268828451882845e-05
ad5283fa-4a7d-41bc-baae-3a5a7ff09643,weekday,502,0.00014709728033472804
67cee4ac-e685-4d9b-af6c-bcc2c96f5f36,weekday,503,6.53765690376569e-05
460e9519-0345-4ffb-a5f0-8d2c0e40a831,weekday,504,1.6344142259414225e-05
71fbd67f-02bd-4849-bcd8-f5bde7883537,weekday,505,0.0033015167364016736
c7d5ce4f-dc34-456a-a51b-583f17115da9,weekday,506,3.268828451882845e-05
5660b628-4bc9-480e-afdb-cdb8733df6f4,weekday,507,3.268828451882845e-05
867711fd-2bff-48c7-996b-973eb3795593,weekday,510,0.03654550209205021
accd15bc-3c50-4c92-a578-510e0e9be0b6,weekday,511,8.172071129707113e-05
3247b59a-a67b-4db3-9771-507ebd5fe419,weekday,512,0.00011440899581589958
e813123e-11d0-4da1-9243-26e73c9c8dce,weekday,513,4.903242677824268e-05
79f59811-b85b-42b0-9792-eb39eba8eb9f,weekday,514,4.903242677824268e-05
df07f731-1b8a-4382-9c48-2e3e64758b3d,weekday,515,0.002958289748953975
2fcb5dae-ef95-4846-9126-5a51f64989b1,weekday,516,4.903242677824268e-05
61cade98-be89-47d3-8371-2e5d195b6870,weekday,517,9.806485355648535e-05
8a04a67d-4dff-4369-a739-d43e0b9b7395,weekday,518,6.53765690376569e-05
7c36f9a5-47d0-4862-824d-54ebd47fe5cb,weekday,519,3.268828451882845e-05
8dd0c258-c28a-4ca7-869e-1f40cb32f849,weekday,520,0.005442599372384937
864291f7-cd43-44c2-8230-06e2a3de378e,weekday,521,3.268828451882845e-05
318ab1a3-7229-4f70-9a58-dd86802c6c17,weekday,522,1.6344142259414225e-05
410155a2-707b-4e0c-903c-5b07e7f87d69,weekday,523,4.903242677824268e-05
efa7a4b3-60f2-4523-ac14-e63c506e9a4e,weekday,524,9.806485355648535e-05
e8bed29f-8f7c-46e8-9acd-80ccfb13418d,weekday,525,0.014497254184100418
df644a1a-500b-44f2-a88c-2536f2e00bab,weekday,527,3.268828451882845e-05
d6d46254-0aa2-4924-85ca-31a06297c578,weekday,528,6.53765690376569e-05
fb561322-b71a-43a8-b89b-515b8bfe0d46,weekday,529,3.268828451882845e-05
e0634db3-1dcf-4e3a-963d-fe1b17f4f99b,weekday,530,0.006374215481171548
196d957b-b5aa-43af-8d78-27abcdac4ba7,weekday,532,8.172071129707113e-05
3d2fc5c2-d900-41bd-b04e-b55c23f28f56,weekday,533,9.806485355648535e-05
788ea740-0691-41cf-867f-69bcad6d0d91,weekday,534,3.268828451882845e-05
d7e716e1-6189-4cbc-82b7-85d492247832,weekday,535,0.0026477510460251046
d742da83-9b81-4975-84d3-c82286dd9384,weekday,536,1.6344142259414225e-05
282aef59-9b0b-45e4-a5cb-07e3a13d9aa3,weekday,537,1.6344142259414225e-05
fed35dc3-44ae-486e-9ab9-749c0eaa502e,weekday,538,4.903242677824268e-05
779abe04-ed94-40fb-b8aa-06cdcaba62ab,weekday,539,3.268828451882845e-05
797b8e82-920e-49d9-aea3-2261030b3127,weekday,540,0.03973260983263598
cc8db08b-193d-4b77-818e-f7171f002e04,weekday,541,3.268828451882845e-05
f08bdad4-b882-47ff-bfe5-6feb16a2d1e1,weekday,542,3.268828451882845e-05
5fe9e2e7-2ef8-4400-a468-e135a4e1c32d,weekday,543,6.53765690376569e-05
058bf2b3-f384-4613-aaf6-839d03aa3e7c,weekday,544,1.6344142259414225e-05
23b1a79e-8d8d-40e1-969c-c3dc121345e8,weekday,545,0.002680439330543933
345221f3-634d-4d56-bc2f-741aeaf395c0,weekday,546,3.268828451882845e-05
884dcd8e-1743-493b-8277-422099a9ddd0,weekday,547,6.53765690376569e-05
7cb978b6-7595-4483-9e82-dd5213973fd0,weekday,548,8.172071129707113e-05
916a851f-c9a9-48bb-80e5-4e7db673603f,weekday,549,1.6344142259414225e-05
78edc593-6d27-4440-88a0-a6198a44bf25,weekday,550,0.005557008368200837
f4e0b05e-b40d-4418-9233-a1758c276a5c,weekday,551,3.268828451882845e-05
e6301be3-fa1d-4a23-98ba-08c63327b600,weekday,552,0.00014709728033472804
6351eee5-51ed-41fb-af0c-af585c9d9e1d,weekday,553,4.903242677824268e-05
d48916cf-1523-429a-91ad-5dfa6ac274ff,weekday,554,1.6344142259414225e-05
03bdb975-e6d3-45ca-b698-384bae9ffb46,weekday,555,0.012519612970711297
14dc7207-ebee-4194-9916-b45b03600e48,weekday,556,3.268828451882845e-05
35a1f4f9-4643-454f-bf00-b08e5377b0d1,weekday,557,4.903242677824268e-05
5be8476b-2120-4309-a700-495df2958167,weekday,558,1.6344142259414225e-05
a1d4a3b5-e01e-4ba9-8a2d-3a8d9bd71080,weekday,559,1.6344142259414225e-05
37ee5bc7-f561-42b9-8ffb-22de399b4d71,weekday,560,0.004658080543933054
8ea5ec90-c693-403b-84c7-5a7a9bb0513c,weekday,561,3.268828451882845e-05
045629d5-7683-43e5-9b1e-f4371e0704c0,weekday,562,9.806485355648535e-05
ab88fcdd-8ff4-4826-9fc0-80192f458c39,weekday,563,4.903242677824268e-05
8bbb2a51-c439-40a8-aba6-d175340065ae,weekday,564,1.6344142259414225e-05
bc4af637-84e4-47b1-95e6-ece03d64ec66,weekday,565,0.0021247384937238493
5102f077-bcdb-410d-8e1a-17deb1c8669b,weekday,566,4.903242677824268e-05
5964518a-b56a-4819-9745-8ae7c248b1cd,weekday,567,4.903242677824268e-05
ca015446-733d-49eb-bdd1-ddb68683266e,weekday,568,1.6344142259414225e-05
2dafa547-2bbd-4e60-b24c-c4ab42b2926b,weekday,569,1.6344142259414225e-05
affc2e9d-6e23-4615-9dde-f430fc6591a3,weekday,570,0.03071064330543933
85527731-a8e7-4128-a7f1-868aeed5bade,weekday,571,4.903242677824268e-05
06307ed2-dd8d-46bf-983c-ad7c1a484f79,weekday,572,0.00011440899581589958
c0ba987b-c68b-4b6a-822b-3b120a1bbbf9,weekday,573,4.903242677824268e-05
ea2f22e5-31b0-4a5a-9cca-aa9c9a7824c1,weekday,574,8.172071129707113e-05
78f526ec-767b-4a1f-b0d6-44dba4dbd230,weekday,575,0.0019939853556485356
136128c4-f4f4-404d-a902-031aa3071527,weekday,576,0.00011440899581589958
06284639-a028-4fdf-b1d0-2e74c2619b34,weekday,577,8.172071129707113e-05
5789ba4c-9435-419e-a5ce-b8689db44278,weekday,578,8.172071129707113e-05
437018e5-24d6-4aec-803f-8d15d2c570ca,weekday,580,0.0033832374476987447
96e1a936-2f72-43ad-9cf7-b2d4f7c4cf88,weekday,581,3.268828451882845e-05
87dcbc64-c19c-4b3f-82e9-10d44c5eb943,weekday,582,0.00011440899581589958
3b273c81-cec1-4325-a09c-e4a17f52f656,weekday,583,3.268828451882845e-05
e62a82bf-5ae2-4b8c-acfe-6a7c13931b74,weekday,584,3.268828451882845e-05
19d98b63-06d8-4967-8ec8-ebeee24b991c,weekday,585,0.009888206066945607
93d60a2e-1568-4984-8ceb-14c4de4239f3,weekday,586,6.53765690376569e-05
a5799db1-1d26-45f3-b5bb-301bfe19ac51,weekday,587,1.6344142259414225e-05
386fc0d4-7a85-4f94-9634-4c8408b4cbbf,weekday,588,4.903242677824268e-05
93f8ae98-c942-49e5-adc8-bd7254c91896,weekday,590,0.0042331328451882845
3219d950-dd59-4b23-9da8-261efb89c92f,weekday,591,3.268828451882845e-05
6f1b3275-483d-4d91-bec9-7dfa378cc721,weekday,592,1.6344142259414225e-05
345b6544-eeb3-4102-be8b-885ef855d8ab,weekday,593,1.6344142259414225e-05
f160f66c-9eb8-46e9-ae8c-300cddbe1c9c,weekday,595,0.00158538179916318
7f264625-95a0-427e-81ed-a552c4fa1225,weekday,596,4.903242677824268e-05
969646a9-0a13-4fab-b93b-1165bf45579d,weekday,597,9.806485355648535e-05
5642868d-750f-417b-961a-ed88a33d349b,weekday,598,9.806485355648535e-05
981ba6a6-23b0-4a20-9316-14e3e1197552,weekday,600,0.040517128661087864
c2aa45d2-ba00-494b-b060-024ecc4221fe,weekday,601,1.6344142259414225e-05
7749f6a7-7270-4be4-bf0f-c2bcde4a3087,weekday,602,1.6344142259414225e-05
5aed6d8d-9500-4854-8b2e-2ca8e38bf7c4,weekday,603,6.53765690376569e-05
64bd4564-d522-4a86-bde7-07a463677433,weekday,604,8.172071129707113e-05
69ce0dbf-21aa-4741-9cf1-1a08b37e52e2,weekday,605,0.002337212343096234
896bfd37-bd11-4747-9cbf-bfe9464c6528,weekday,606,6.53765690376569e-05
a9b7774c-8643-45aa-8334-1d0c2cd93eb8,weekday,607,3.268828451882845e-05
1f3db26d-45ad-43ad-baa2-4b8b5838cec7,weekday,608,8.172071129707113e-05
65f8e38f-4c2e-439d-b7c5-fce1f6f00f91,weekday,609,0.0001307531380753138
386bdba5-6e38-4ae0-853b-5839975a8852,weekday,610,0.003399581589958159
586fa4af-fde4-4a8e-9074-f2789e407924,weekday,611,6.53765690376569e-05
8a962928-39eb-4c36-bf3d-4ce5bb0ec5c4,weekday,612,0.0001797855648535565
5f45264f-1012-4c8f-90f0-1746fee9b3fb,weekday,613,1.6344142259414225e-05
8601e8bb-debe-44c8-b5b3-c3c256bfc484,weekday,615,0.010803478033472803
6a91fc6c-a818-45c8-ac7a-3727d950187f,weekday,616,4.903242677824268e-05
97757f8c-2f89-4ab8-b71f-0c5e3868bb75,weekday,617,4.903242677824268e-05
a1d22749-45c9-43ee-b0d0-415040d84e1d,weekday,618,6.53765690376569e-05
08da7a4c-45f0-4d3a-993e-882fa1386476,weekday,619,3.268828451882845e-05
e2fb042c-127e-45ca-8e45-20fba42c367a,weekday,620,0.0027458158995815897
1f601d05-7470-42cb-adf5-3ed27ada50fe,weekday,622,1.6344142259414225e-05
333cc6a6-4ebc-47c5-a109-6553d2b81d2e,weekday,623,8.172071129707113e-05
50e7ec5e-9f90-4369-97a1-4cb70c42305e,weekday,625,0.0013238755230125523
b41b3922-6422-4764-950f-a0c4f842af63,weekday,626,3.268828451882845e-05
4054f483-1c89-48ec-b860-eee6fe2e52e8,weekday,627,1.6344142259414225e-05
ecae0413-f46e-41d1-978f-ebea5648c842,weekday,628,4.903242677824268e-05
6eef36d3-a561-4fdb-ab85-56d0a81ecd95,weekday,629,1.6344142259414225e-05
3fddf9a4-5724-41bc-bc99-1b3af0f2af23,weekday,630,0.02258760460251046
117912e0-f51b-48ee-9700-14cdcad979b1,weekday,632,3.268828451882845e-05
a5cec075-1917-4034-8c5a-42cfaa497bfb,weekday,633,4.903242677824268e-05
2489b3c9-e4d5-4859-88d1-1dcac0e0e8d0,weekday,634,3.268828451882845e-05
3c43337b-40f7-4bf0-9457-eda7ea98def5,weekday,635,0.00116043410041841
237aedd8-65fc-49be-8342-9e0cfd72536d,weekday,636,4.903242677824268e-05
52a7c59a-8d08-41d0-b486-ddf4b8b57033,weekday,637,9.806485355648535e-05
a9329365-d666-4ccc-aeb2-c0f958bf1df7,weekday,638,1.6344142259414225e-05
bbf5a387-0591-4097-a341-b94175440761,weekday,640,0.002173770920502092
4477a88e-e815-4600-865e-c5a0a5f2a319,weekday,642,1.6344142259414225e-05
95d0849d-8caa-43e9-9be6-95a8a7040ab8,weekday,643,4.903242677824268e-05
01f636c3-be17-4a73-9c91-86a6d7cbb6ca,weekday,644,1.6344142259414225e-05
f744df13-7140-4381-9af6-bb3572a5e43e,weekday,645,0.005998300209205021
fe9e6b5a-5d51-4874-a2a9-d5013535fe1b,weekday,647,1.6344142259414225e-05
8c750e21-a947-4586-8114-1bbe8aaa3492,weekday,648,1.6344142259414225e-05
8158ff66-f55f-4afd-9fed-04fe46a431b7,weekday,650,0.0023535564853556486
4a867915-6c72-4fc8-99da-d36ba086ca5f,weekday,652,4.903242677824268e-05
548148fb-cda6-447d-98d8-853bd4d8c9af,weekday,653,1.6344142259414225e-05
0de68aee-d177-4b64-9808-d7140b00fa47,weekday,654,4.903242677824268e-05
41bd8d1a-6420-4a8a-81e9-f9eddec634e3,weekday,655,0.0010950575313807532
3cf024d2-622f-495b-8511-d2c2d6f0b9a5,weekday,658,3.268828451882845e-05
d7af288c-0e97-47f6-a1c8-b74dd872914b,weekday,659,4.903242677824268e-05
8d1f7225-38f1-4641-bbcd-82b0776b7538,weekday,660,0.021051255230125524
8fd4f30d-660f-4ac3-90ec-7f03e7dfd3ae,weekday,661,3.268828451882845e-05
adf2e8b2-9635-437c-87ae-b571b285fb5a,weekday,662,4.903242677824268e-05
911977d0-009c-4da1-9509-b6058cb72608,weekday,663,4.903242677824268e-05
1900dc08-9f50-4759-9f45-428be5479f1c,weekday,665,0.0013892520920502091
afec0cca-c7b0-4b82-9844-13f6f2003207,weekday,667,4.903242677824268e-05
170391e3-a1b4-4c92-a9ed-fe59e3f540d8,weekday,668,1.6344142259414225e-05
8b55a2a5-9c93-4738-9e80-cbd8b5b9e793,weekday,670,0.0021410826359832638
40ee412f-a42d-4928-9e42-8a0de2ad760f,weekday,671,3.268828451882845e-05
df8e0e30-7c34-431b-9573-d1013ca978fa,weekday,672,4.903242677824268e-05
d8380b9b-c388-4c16-8d98-baaf0562abc4,weekday,673,6.53765690376569e-05
e1b5f2d4-dbb7-4a6a-a4e3-982ae5a2483a,weekday,675,0.004609048117154812
81cf27cb-948a-4ebc-92a2-d1deb9a2ee4e,weekday,677,3.268828451882845e-05
06b18940-0ad4-404d-8195-b413cb4da641,weekday,678,3.268828451882845e-05
34532be5-7a29-4a36-9a94-0e0575e83a8c,weekday,679,3.268828451882845e-05
3b05dc70-752a-41c5-b258-08d874117b2e,weekday,680,0.0016834466527196653
31d720fd-bb12-4c9e-bd82-f94657076af8,weekday,681,6.53765690376569e-05
31a0a706-8ddf-4d86-ab47-1e6fac2d8d3e,weekday,682,3.268828451882845e-05
5000b310-17a5-4c16-861f-fdad1092dd39,weekday,683,3.268828451882845e-05
21262e2f-2117-4ff5-a9d7-98c52a87117c,weekday,685,0.0011277458158995815
f8dddac9-2d3c-4828-ba3e-ba7c229ca6ef,weekday,686,3.268828451882845e-05
9c145d35-f996-48c2-be71-94789791ef32,weekday,688,3.268828451882845e-05
efc5cd8f-be52-4300-bdcb-e0390c37d95c,weekday,690,0.011784126569037656
fb8ab3e9-f98c-4d80-8d6d-b28c0e89bf64,weekday,691,1.6344142259414225e-05
0f06a561-a00e-49ed-aaaf-4d2a7b3ac04d,weekday,695,0.0007354864016736401
5e2247ad-1af1-4123-9d74-5c0175a87215,weekday,697,6.53765690376569e-05
5e6437ff-84d4-4127-9042-6768f6d58f91,weekday,698,6.53765690376569e-05
47b41a1f-13f4-44eb-8aa0-a07ccaf6d2cf,weekday,699,3.268828451882845e-05
de07666f-0a9f-4f45-98d4-c981851383bf,weekday,700,0.0014873169456066945
80e44bb8-c2e0-4d7d-9a9d-9322dc65c547,weekday,701,1.6344142259414225e-05
09ff2520-a348-470b-8d11-5b5400a86e21,weekday,705,0.00305635460251046
05364253-35ba-41ff-a315-bbf1c4bbb708,weekday,708,4.903242677824268e-05
f235083a-9c44-4595-b69c-54f16ab15a55,weekday,710,0.00116043410041841
1e1245c0-0dfe-4235-9169-5af79ae6cd33,weekday,711,1.6344142259414225e-05
d08433e5-bd67-4a1e-a237-6ab7bcbed1a9,weekday,712,1.6344142259414225e-05
1af2ffdd-d294-4101-8097-07954a7e8f8c,weekday,714,3.268828451882845e-05
3f6bf06b-36c2-40f9-94ff-9a2826434f63,weekday,715,0.0006864539748953974
732e6ac9-6db7-4e5d-9bc5-a00b67816ce9,weekday,716,3.268828451882845e-05
6d53594b-82fb-41f5-bd5a-5bfc2890518f,weekday,717,1.6344142259414225e-05
9d38a0f7-4be3-4f3c-9ae1-5a98f3647e06,weekday,718,3.268828451882845e-05
299ac4cc-6ba3-47d7-8f2c-c8734c4f9b61,weekday,720,0.009528634937238495
f54fea9e-c008-4fe3-8e76-bade319897da,weekday,723,1.6344142259414225e-05
7cf1584f-27c9-495f-abc2-020f637fbd0c,weekday,725,0.0007027981171548117
52b1ab1a-574f-4aa9-afba-8e85b090b3d8,weekday,727,1.6344142259414225e-05
4fd1b7d1-fab4-441c-9dc7-2c88e00e0076,weekday,728,4.903242677824268e-05
8fe2c827-d838-4841-b60b-dc5eff350787,weekday,730,0.0014709728033472803
a98394b0-8449-4ba8-87fc-b1d36a8982a6,weekday,731,1.6344142259414225e-05
303a5b11-19ea-43b6-966b-cadb94cc0de4,weekday,732,3.268828451882845e-05
a7104f5e-342e-46da-b599-6b1c71d694d5,weekday,734,1.6344142259414225e-05
b4c99422-3427-4df2-9b65-727cc7749dc9,weekday,735,0.0027948483263598328
bc41a9b4-95ce-4288-99b0-18a701944343,weekday,740,0.0010296809623430963
8f1b1efa-e8e8-4d7e-954e-bd29e03bb2e0,weekday,745,0.0005720449790794979
665fea7c-2ab0-400c-a2b5-72bb52a89e69,weekday,747,1.6344142259414225e-05
2238b2a3-f4af-4fdd-b966-87e299e6de78,weekday,749,1.6344142259414225e-05
ea51d67e-bd6d-4304-992c-854ed3b62380,weekday,750,0.006472280334728034
e6019709-d338-434c-8cb2-0e851bb04be5,weekday,751,1.6344142259414225e-05
c851606b-a4c9-456d-ad54-9fa3380f0194,weekday,752,1.6344142259414225e-05
5c1ed8a2-60ba-42b8-be24-395ab8508f32,weekday,754,4.903242677824268e-05
e7bc75c1-f1cc-4c5c-a5b7-94a0ca2940fd,weekday,755,0.0007354864016736401
39f6f8c3-bcf3-42a7-999d-3133af95755e,weekday,758,1.6344142259414225e-05
e59115eb-7bca-4956-b1e4-513348565580,weekday,759,3.268828451882845e-05
6c4b1112-c7a6-49b6-a7f9-5f7127576da4,weekday,760,0.000866239539748954
06a1c55c-e074-479c-bef3-e8826f7ac4fc,weekday,762,3.268828451882845e-05
d4ded8c6-f259-498b-969a-c8d4ff04cee3,weekday,765,0.0027294717573221757
427a2c4c-8f81-4b3d-bdc0-03ce2ccf517e,weekday,766,4.903242677824268e-05
3eccc5b3-7edf-4477-a338-6b3990ac67cf,weekday,767,1.6344142259414225e-05
8bb75140-0236-45cb-9908-fdc3b2dc6c80,weekday,768,1.6344142259414225e-05
d72d7355-b6b7-4274-ab40-0a25f84c6032,weekday,770,0.0011440899581589958
48980040-1693-46c1-8a1d-2dd009030339,weekday,772,1.6344142259414225e-05
dcd699eb-f2b6-40f7-83bd-e2d6c5419d1b,weekday,775,0.0007027981171548117
43713f9f-a82a-4cc8-b219-44d167a5969f,weekday,778,1.6344142259414225e-05
4a53d2d6-9f46-4b61-b5a2-64466b256d30,weekday,780,0.010411218619246862
cc082594-5fd6-4258-8158-baccb7bc865f,weekday,782,1.6344142259414225e-05
b6fcc1d9-f86a-467c-9f76-96f67da6c6cd,weekday,783,1.6344142259414225e-05
95da86b4-e6f4-40dc-80c2-56b5fc03ba10,weekday,785,0.0007518305439330544
7f768b6b-334a-4635-89b7-705f47658835,weekday,787,3.268828451882845e-05
475b4fd8-8981-403f-8fd4-e7b99da59d6e,weekday,789,1.6344142259414225e-05
7ac08f06-69a6-413c-8313-ac59f27331f3,weekday,790,0.00116043410041841
03baf818-1731-4d8d-8502-b3c6dce110a7,weekday,791,1.6344142259414225e-05
b1f97729-7e13-435c-a860-a5fd610b5a23,weekday,792,6.53765690376569e-05
b5645cd1-e170-4264-9e46-935d2736abc2,weekday,795,0.002811192468619247
af5de65f-30ca-4575-afa9-e0a6cae289ff,weekday,796,1.6344142259414225e-05
f4d83562-79d8-4013-9542-7b989ad2fd71,weekday,797,1.6344142259414225e-05
57a48ef1-44d0-424d-b876-ff9b73b6061c,weekday,800,0.0011767782426778243
fc63fc6c-1fa3-43d4-878b-b7bfadd96f16,weekday,802,1.6344142259414225e-05
5a72ad83-6216-48d3-9931-79b8339234e2,weekday,805,0.000506668410041841
48318939-0901-4d91-956f-c22cadac941b,weekday,806,1.6344142259414225e-05
c8c08649-5afd-4ae8-8805-6bc70fa55672,weekday,807,1.6344142259414225e-05
14f08eeb-c76f-4bd3-8582-dd713333a5d4,weekday,809,1.6344142259414225e-05
a93f919a-191d-42ff-90a5-88e7732c6928,weekday,810,0.008482609832635983
219bd5ff-8a35-4db5-a689-5fb44823dac0,weekday,812,1.6344142259414225e-05
b7212175-9256-4624-a48f-7db520df9301,weekday,814,4.903242677824268e-05
e98c244a-cfd7-4b82-92dc-b791251423b7,weekday,815,0.0005557008368200837
e1785152-77f7-4553-af2b-16c6adc61e87,weekday,816,1.6344142259414225e-05
638c135d-5ca2-4300-97e6-f07ae72ae37f,weekday,818,1.6344142259414225e-05
239f446e-97d8-44a8-98bf-c1f84ec11ed4,weekday,819,1.6344142259414225e-05
23335a25-9f7e-45fe-9dfd-ae3b202a3a34,weekday,820,0.0014709728033472803
fb8b2fa4-7a16-410b-8c1d-bb66df31d55f,weekday,821,1.6344142259414225e-05
98dae609-bc8e-4cbb-af12-8c43728cc7d1,weekday,824,3.268828451882845e-05
57719ecf-135b-45bb-a662-7bcba6cea7ee,weekday,825,0.0026314069037656905
d8baa19b-c540-40c7-8474-be18f2bbe8e8,weekday,829,1.6344142259414225e-05
5093ce6c-d26b-4502-8ca0-ac24f2a24fda,weekday,830,0.0011114016736401674
4255e506-b68c-451e-9590-eaec10cefa0b,weekday,832,1.6344142259414225e-05
866c5ffd-1b6e-487f-9a9e-04eccf351b3b,weekday,835,0.0003922594142259414
b2ee40f2-4a8c-4b50-b665-f2759bd3641b,weekday,837,1.6344142259414225e-05
3c752298-3216-4c6d-81f2-46cbcb43e06a,weekday,838,3.268828451882845e-05
9e360ae1-e154-4fa3-8b56-cad278dc265c,weekday,840,0.012895528242677824
39078b31-c0d0-4bc6-9f57-ad585b6c20e3,weekday,841,1.6344142259414225e-05
4a205322-4b66-4490-942f-0c2f1087e89d,weekday,842,3.268828451882845e-05
8f1f7daa-1086-479d-83bd-e86fa1adf7a4,weekday,844,1.6344142259414225e-05
f6ca545e-94d4-4d08-bcc3-82d684232e86,weekday,845,0.000719142259414226
0358b878-6059-4582-8d60-4f5b043dbc17,weekday,846,3.268828451882845e-05
f4de2f79-1a9f-49b0-9cb4-2dc8b69ae52a,weekday,847,4.903242677824268e-05
765168db-6a87-427c-9cb1-3ae023a86d92,weekday,848,3.268828451882845e-05
adf2a434-1a2e-4da0-8b19-0e60c1665764,weekday,850,0.0015690376569037657
2cd875fd-d0e1-46b7-91c2-9320bd4a0419,weekday,851,1.6344142259414225e-05
d088929b-6805-4dd0-a361-9110fef7d55a,weekday,855,0.0025496861924686194
b8e17e3f-6720-4e04-9b64-5cb559178908,weekday,860,0.001013336820083682
e9338cab-bbd5-4d1c-a6bf-90d6bea577bc,weekday,861,1.6344142259414225e-05
0f8f304f-974e-4b68-9d09-9eebab4051c4,weekday,862,4.903242677824268e-05
a58ca219-6998-4335-83cf-8ded0782d0a5,weekday,863,1.6344142259414225e-05
ecb1f79b-94fb-4d46-b2fd-e29c27e68216,weekday,864,1.6344142259414225e-05
0159b664-32c0-451d-8d73-09e6f7a5153d,weekday,865,0.0005393566945606695
8c886aa3-1b93-4673-8b2c-6ef30767c399,weekday,866,4.903242677824268e-05
5034f581-f645-4a03-9a55-84c7272b4fca,weekday,868,1.6344142259414225e-05
2190bef7-544c-4e2f-b6cb-cfe8271a05b2,weekday,869,1.6344142259414225e-05
4dd7c525-8949-47a2-8799-2ad962eaf08e,weekday,870,0.007371208158995816
7d538c69-313f-4b0a-b1af-12066b5e811b,weekday,872,1.6344142259414225e-05
c57337ef-faa2-464f-811b-e745d9d5dba7,weekday,873,6.53765690376569e-05
ee0f6bd9-09a0-4a24-ae1f-f473d7331cf0,weekday,874,1.6344142259414225e-05
e8bfe0a4-b904-47a7-968b-affdcae74390,weekday,875,0.0006701098326359833
2c30b817-ad13-4f3e-9a4b-2900bc2f36ac,weekday,876,3.268828451882845e-05
a22ca44f-bfd0-4d9b-ab87-f507646cd783,weekday,878,8.172071129707113e-05
d7dafcb0-9cc4-45cb-8b90-cd26791051c8,weekday,879,1.6344142259414225e-05
e5d3e352-d7ac-4369-a16a-e226a42b4484,weekday,880,0.0008172071129707113
9fffef1a-cc42-4dc4-9c89-d3ffa020dfac,weekday,882,3.268828451882845e-05
636c2e7c-e66d-4a8a-a60d-c7d3db7584e3,weekday,885,0.0020757060669456067
e88c60f0-caf1-4b4d-839d-cd9c4bcfcd05,weekday,887,1.6344142259414225e-05
b22d260c-2962-4928-b068-a7e3267bb8eb,weekday,888,3.268828451882845e-05
ea3c6965-be74-4039-ac14-dbb9e6d37445,weekday,890,0.0012258106694560669
0e8c315f-82c3-46e5-b6c8-18617bc5dbf6,weekday,893,1.6344142259414225e-05
3f40f48e-9622-43b2-beae-9051c760e43d,weekday,895,0.0005393566945606695
b8732f61-5312-46bc-8cd7-a3c4c6e7939f,weekday,897,1.6344142259414225e-05
ce73830c-79b6-4c8c-abe2-1d6ed208e7c4,weekday,899,3.268828451882845e-05
e8d41e0c-49f5-4b83-a8fa-d7ddebc0715e,weekday,900,0.009348849372384936
da2dbe21-0b38-4c93-82cf-8a782e8ed03e,weekday,902,1.6344142259414225e-05
eec77f0e-021c-4f73-a023-b9e348f98769,weekday,903,1.6344142259414225e-05
8649afdf-1068-4536-bd9a-c6806ef81394,weekday,905,0.0006047332635983263
563d5958-900f-4b3a-94c9-407d0380eb46,weekday,906,1.6344142259414225e-05
4bf4efb9-adbc-4969-85ff-99e02cf40925,weekday,910,0.001013336820083682
8adbde6c-23f4-4b58-a01a-e6782e957605,weekday,911,3.268828451882845e-05
4dcf65d6-da8f-419d-9472-548cf952aaf0,weekday,912,3.268828451882845e-05
ade69712-069c-4de9-8f2e-46294eef7f39,weekday,913,3.268828451882845e-05
334cab98-3464-42c5-b8f4-f853ba32b4b2,weekday,915,0.0024189330543933052
ca41a859-3c42-47e9-ba54-1e08b8af614a,weekday,917,1.6344142259414225e-05
4dee1578-6374-4b94-af1e-24300ce24e61,weekday,920,0.0006374215481171548
ab01c2ea-cc51-4d45-aca9-46a96aea00bf,weekday,922,1.6344142259414225e-05
274dd51e-5ed2-4bff-a51b-5719af0f161c,weekday,925,0.00040860355648535563
8365154f-8c57-4eec-85db-c352637d2176,weekday,930,0.005213781380753138
722e5d99-d23e-4141-82af-f7e6b74c4ccd,weekday,935,0.00021247384937238495
a6fc1b0f-542c-4380-a26e-ca0fbff23e49,weekday,936,1.6344142259414225e-05
e5423d93-73e6-49df-9aae-7de94ffe1124,weekday,937,1.6344142259414225e-05
ed734755-e3ee-4ca9-98ba-3d04a63ff5f2,weekday,938,3.268828451882845e-05
e1eee131-44ba-4c1f-9001-6ceac8499418,weekday,939,1.6344142259414225e-05
d7a1d139-6313-43b8-a20a-c0e64ce28d82,weekday,940,0.000719142259414226
5221362f-bd7b-4f38-922e-ff3f1e172da7,weekday,943,3.268828451882845e-05
e6cfc708-ccf4-43ad-a98e-7d852835c9f3,weekday,945,0.001667102510460251
d80c1c2b-df5a-43f4-8e9c-3a288935f99b,weekday,948,4.903242677824268e-05
7acc41b2-9d13-445a-8513-7e0c1f52d048,weekday,950,0.0006864539748953974
67a26a1a-20bf-4600-bc24-38a37155a83d,weekday,952,3.268828451882845e-05
40c78f94-04d1-49d1-b093-e779adc32b41,weekday,955,0.0004249476987447699
d1ee31af-c3ce-4c48-8e6b-193cfca37768,weekday,956,1.6344142259414225e-05
55dedb3a-de37-4284-9389-de62c24a2927,weekday,960,0.006946260460251046
51032087-550d-4d0e-9f4a-6b57efc24a63,weekday,961,1.6344142259414225e-05
38361bc2-7c23-4cc0-87a4-ff0a5981087b,weekday,965,0.0003268828451882845
2841f818-c0e6-4b2e-90c4-e409dc0110fe,weekday,970,0.0008008629707112971
1630d5f3-5ed7-4c7b-a145-6930fb12e87d,weekday,972,3.268828451882845e-05
e4c6da33-6533-465e-805a-321126e59be9,weekday,975,0.00158538179916318
92ba934f-7835-42d3-8513-e824f8f89846,weekday,977,1.6344142259414225e-05
1f94a8f8-3081-4fc4-b8aa-7e29dc543390,weekday,978,1.6344142259414225e-05
4311d3c0-844d-4439-87e9-a5cb776a9d9e,weekday,980,0.00045763598326359833
543c4767-0a64-4774-856b-e63e32a564ea,weekday,981,1.6344142259414225e-05
581e0206-5ecf-41da-8ca4-d63216038ac7,weekday,984,1.6344142259414225e-05
bc83c043-6878-4722-8283-03a4ea56f2a7,weekday,985,0.00021247384937238495
cada9de0-3b1f-4d0e-b008-357038193831,weekday,988,3.268828451882845e-05
76b6e252-0f80-48b6-8097-270b1f7c9194,weekday,990,0.003938938284518828
c4f1b296-60f5-4543-bf68-f7a6ebc50850,weekday,994,1.6344142259414225e-05
202b9688-10e1-4fcf-bb3d-fbcf1e315b18,weekday,995,0.0003268828451882845
248a6b26-8ea7-4983-96c1-a16890c705f9,weekday,996,1.6344142259414225e-05
9782b3b0-384b-4f4e-b0ac-0cef935d3e31,weekday,997,4.903242677824268e-05
a368d44b-557e-417e-86d2-9efeba5a3c0d,weekday,1000,0.0006047332635983263
78bf3850-d3e3-4a54-b448-c5dcdaec8652,weekday,1002,1.6344142259414225e-05
0e38553c-1a28-4a77-8c69-1bd8dc404e37,weekday,1004,1.6344142259414225e-05
e06520f0-63e6-465c-b234-5924452d1dcd,weekday,1005,0.0013402196652719666
c7c58639-1130-4a4b-b4dc-eebc232d6461,weekday,1006,1.6344142259414225e-05
05537478-c54c-4392-a259-4690badfa18d,weekday,1010,0.0005720449790794979
1e6790a2-b226-4251-84d2-fdda4a323040,weekday,1011,1.6344142259414225e-05
b8d2986c-d4e7-41e6-a3e7-db0a70230fe9,weekday,1014,1.6344142259414225e-05
774fc83c-a4ce-4623-a8dc-5c0c4b73c328,weekday,1015,0.0002941945606694561
d914e585-7733-4f43-9e1b-a5286689c0d1,weekday,1020,0.004527327405857741
667cacbc-5c5c-4c4b-a93b-d625f30ec3c5,weekday,1023,3.268828451882845e-05
c8556f44-4ab8-4490-9648-612afc00d421,weekday,1025,0.0002451621338912134
aa49ce31-7469-4a8d-8a36-94a0cd293bcc,weekday,1026,1.6344142259414225e-05
aa71cc2e-8775-4f0c-b7b3-135b68877c08,weekday,1027,3.268828451882845e-05
ebfbb0aa-ece0-4bf8-98ca-e9b3163c1a41,weekday,1030,0.0005883891213389122
11149beb-5d46-426c-a197-9d89e95dea1f,weekday,1032,1.6344142259414225e-05
3be63a74-2906-4a39-bcf2-22e9810b9d90,weekday,1035,0.0012748430962343097
01938912-fe12-4335-b1f0-00af013f973e,weekday,1040,0.0005557008368200837
a89459ed-f746-47a7-bfca-4b4fcd8db943,weekday,1045,0.0002615062761506276
3874ca6a-64df-47ed-9337-2b11d5e46104,weekday,1048,3.268828451882845e-05
51e4ebd2-cbf2-41bd-a65f-59e33463b737,weekday,1050,0.0026640951882845186
76d3b3ef-f725-467c-b099-a5ea94a77b08,weekday,1052,1.6344142259414225e-05
d5a4c2bd-6e2a-435b-873f-c940ebd86d53,weekday,1055,0.0002451621338912134
48989142-43dc-4d75-b542-486c33bdfa42,weekday,1058,1.6344142259414225e-05
37a6b3a7-dbb8-4ac0-b6d1-5e0c8d4c431c,weekday,1060,0.0004249476987447699
e10cd76b-f535-4291-a134-9ec6cbe0e5a6,weekday,1063,1.6344142259414225e-05
47756cfd-22ab-4e68-8b1e-171d035b41e8,weekday,1065,0.0012094665271966526
ae726be6-c5bf-4554-adf4-6ff824e0c93f,weekday,1070,0.0006701098326359833
932d2c33-0989-4a72-9000-d377c0fe53bd,weekday,1071,1.6344142259414225e-05
e83da331-1253-48dc-a78a-cff396c639ec,weekday,1072,1.6344142259414225e-05
3763c764-5f9b-4eac-b7e9-d2d626559182,weekday,1075,0.0003432269874476987
7aebc671-4a7e-47ea-a531-8f5e05b94651,weekday,1080,0.0032851725941422595
2442ab24-c059-4241-9b1b-dc2a096da267,weekday,1085,0.0001961297071129707
622fba2e-b2cb-4e9e-9a6c-4925b2b5e283,weekday,1088,1.6344142259414225e-05
355be44e-de59-4144-b2f1-54fa4e75a1b6,weekday,1090,0.00040860355648535563
2dd9a93b-dea2-4115-bc99-8f704471a79b,weekday,1095,0.0010296809623430963
6c4739ae-9a81-4087-b449-2dd4dc9c3e13,weekday,1100,0.000359571129707113
03bced57-2101-402c-88c2-92897ff51694,weekday,1104,3.268828451882845e-05
4f928423-2c29-4924-aa27-6bbe53b1a485,weekday,1105,0.00021247384937238495
6aa7a401-8d1d-44b1-9155-4d51cda6f10b,weekday,1110,0.0024679654811715483
cf6306f7-a09a-4c75-b268-19d23590abd1,weekday,1113,4.903242677824268e-05
f72398e5-0dbe-4492-8a05-12aef052012b,weekday,1115,0.0003105387029288703
03beb6c8-7634-4d22-94f6-468bb64652dc,weekday,1120,0.00040860355648535563
e57c3e7b-291f-483a-8d49-ce573a6d765f,weekday,1124,1.6344142259414225e-05
b5a66ac7-b14a-48f7-852d-ee282a838792,weekday,1125,0.0008825836820083682
e78ce3ae-97b3-436b-bd20-594fea6a8431,weekday,1128,1.6344142259414225e-05
f1aba61b-c974-4691-992b-788ada0e5038,weekday,1130,0.00047398012552301254
fc0a527e-dc65-4997-a56c-02619129da06,weekday,1132,1.6344142259414225e-05
c8640873-5dce-43c7-a8c8-4731fee35573,weekday,1135,0.0001307531380753138
9f40d6d9-4914-47ae-823a-8cf7099c0c41,weekday,1138,1.6344142259414225e-05
7b7b3fa5-e89e-4ccb-bda1-6519871ce211,weekday,1140,0.001732479079497908
0af5476b-1e79-4d91-a2e6-c2f13bd3f674,weekday,1141,1.6344142259414225e-05
fcce3301-a986-428e-80f1-f2ec9240b7fd,weekday,1145,0.00016344142259414225
24445e37-cd21-4e68-b855-114ab6eedbe6,weekday,1148,1.6344142259414225e-05
d8d23aa4-e5a5-4eab-a474-7b54fb37a7dc,weekday,1150,0.00027785041841004186
3150eae4-f8b4-49be-9808-e51acf607ab5,weekday,1155,0.0005883891213389122
8733fe07-c3cb-4122-9ebe-b415efb6752e,weekday,1158,1.6344142259414225e-05
f9811bcf-7b26-4a20-9331-83b47f0797d7,weekday,1160,0.00040860355648535563
97a7be08-6083-4a59-80da-12ea37a534c3,weekday,1163,1.6344142259414225e-05
efcf98f4-96fe-444b-9fea-18bc8ccf1213,weekday,1165,4.903242677824268e-05
8ff33443-246e-49f6-9667-43a66afb90fc,weekday,1170,0.0009969926778242678
9ba20cca-4ae5-45a0-a8bb-97db77972c4a,weekday,1175,3.268828451882845e-05
d00e1f5c-a3e2-4446-9238-9f4d44453274,weekday,1180,0.0002615062761506276
f5962c00-19f2-4424-a27d-b08736c56338,weekday,1185,0.0004412918410041841
f8caf154-5d25-4b7e-9835-dcd26b239564,weekday,1190,0.00016344142259414225
bbf40019-ada0-4dad-8930-a12f478e5ea2,weekday,1195,9.806485355648535e-05
84608dfb-745a-4903-80fa-82f7c77e18f7,weekday,1200,0.0006701098326359833
92fdcc3e-4323-4a34-992a-c29dd131a8e9,weekday,1205,1.6344142259414225e-05
b52011e0-7fbf-4b0f-8d8d-d97ade4578a2,weekday,1210,3.268828451882845e-05
d6132877-78fc-415c-89c3-7e5ab825cb4f,weekday,1213,1.6344142259414225e-05
857c6c9f-4e5f-4619-b7ba-f698804c7fb9,weekday,1215,9.806485355648535e-05
2f2b4466-7623-4c72-895d-4cc61d6b1ae7,weekday,1219,1.6344142259414225e-05
7ff07dac-df67-46d8-bfd1-58cd3ef2b03d,weekday,1220,1.6344142259414225e-05
542a614f-bfa6-49c1-bbd6-ff6010994bbd,weekday,1225,8.172071129707113e-05
b6905c16-4de1-4650-84f1-12d0befdc85f,weekday,1230,0.0001797855648535565
0a425c2c-ab5f-4018-9aa0-57c9c8891c86,weekday,1235,3.268828451882845e-05
df3b9591-eb9c-4274-ae98-a3b0ae0d2f2c,weekday,1240,9.806485355648535e-05
dfe04c16-c5bf-4201-aec9-4aba8a56dc1f,weekday,1245,6.53765690376569e-05
9b093e4e-8b11-4c59-99c2-341d5a6bec7b,weekday,1250,1.6344142259414225e-05
e250704c-1a61-4389-a6e5-85cec68e090a,weekday,1260,0.0003432269874476987
1b93a375-a00e-437c-b8a3-9fed0abe9c53,weekday,1270,1.6344142259414225e-05
e07fae4b-33e9-41a7-a99a-359b58331dd6,weekday,1275,8.172071129707113e-05
c49edb7c-3c70-40dd-b0a9-bc442fb63052,weekday,1280,1.6344142259414225e-05
fb1b043f-efa1-4a3a-bbc1-98bca5893ce6,weekday,1290,0.00011440899581589958
ff795df8-bc0c-479d-ba15-48036a41e301,weekday,1295,1.6344142259414225e-05
7d5a3abb-b189-4185-a1b9-967f2b8fe3ce,weekday,1310,3.268828451882845e-05
16d241af-33b1-4d09-8d4e-d196f109c4c9,weekday,1315,1.6344142259414225e-05
d9d720ca-fe03-4625-9d13-1a1a02d72b89,weekday,1320,0.00014709728033472804
88cc9672-8dd8-499b-bbe0-1f98764dabdb,weekday,1335,1.6344142259414225e-05
928d92f7-3cf2-432d-bf97-b15a87833f44,weekday,1350,1.6344142259414225e-05
ab88ffd3-2864-4b7c-a4d1-e76b4f09b871,weekday,1365,1.6344142259414225e-05
c4a7d9fe-08aa-48e1-8783-5d0e5ca5679d,weekday,1375,1.6344142259414225e-05
e156d252-9fae-4927-ad28-e6b9537cc5da,weekday,1385,1.6344142259414225e-05
1f42270b-c6ab-4c09-aaf3-ef0ff1cf516b,weekday,1395,1.6344142259414225e-05
9e72cf61-9c98-4e2a-bf93-cd9af143fec6,weekday,1400,1.6344142259414225e-05
a1b33d63-727b-40dc-80b8-b35c1047d504,weekday,1410,4.903242677824268e-05
ee557537-569a-4b7a-bee9-3160609b7d15,weekday,1435,1.6344142259414225e-05
b80ddc6e-d86f-499c-8a57-c03af3e2a4bb,saturday,0,0.0016548463356973995
a2ba0fed-0c68-4417-9470-88f2bc436f60,saturday,5,0.00023640661938534278
299a8727-f42f-4b6c-a6ba-e0bd5193ff5b,saturday,10,0.00047281323877068556
cc0db162-78a5-4786-a7d1-fdad05087f56,saturday,15,0.0006304176516942475
2a20c954-78e7-46eb-be29-1e5afb165d04,saturday,20,0.00023640661938534278
d349b797-3bae-497b-949e-ddb119175023,saturday,25,7.880220646178094e-05
cfb7c621-1fcc-48a5-936c-731475112875,saturday,28,7.880220646178094e-05
66fa3dea-2652-4fcd-a1be-cb79b07e987e,saturday,30,0.001260835303388495
c3a334e4-138e-466f-8e10-595154fdaf74,saturday,45,0.0003940110323089047
85b3edd7-cdc2-4521-b6c1-2389ca95d6d6,saturday,50,0.00031520882584712374
1a94b51a-47de-4725-b7e6-deaed8b71169,saturday,55,7.880220646178094e-05
c375bf04-6af5-451b-994f-70ed9e9f291a,saturday,60,0.0005516154452324665
0e95c538-e0c9-46e2-af91-e38d22078f0b,saturday,70,0.00015760441292356187
eb552cd0-cfc3-45a7-848f-f979c35defca,saturday,75,0.00023640661938534278
5244d49d-bc68-42b2-ae44-608a25164ed1,saturday,80,0.0005516154452324665
7f8fecc5-d3e2-4e4f-85f8-8080a90f5231,saturday,90,0.0007092198581560284
9cc73e0d-2841-4d42-b476-a3e229a54a0b,saturday,95,7.880220646178094e-05
fa138ae5-8159-4ec9-9b20-c7749004c8dc,saturday,100,0.00023640661938534278
80218239-09d8-4597-bd29-4fae8c165dc4,saturday,110,7.880220646178094e-05
a37f30f0-a0b8-49a3-8b54-08638b2e8583,saturday,115,7.880220646178094e-05
6a016c79-31a1-4474-8617-f5e8dbde5eaf,saturday,120,0.0003940110323089047
6bdd740c-3866-4b9e-ac0a-d8991c28d017,saturday,135,0.00023640661938534278
dd67bfb5-f4ad-4f39-acd7-a9e86c7846a5,saturday,150,0.0006304176516942475
1447980b-1920-40a4-abeb-8cf887c9c3a7,saturday,155,7.880220646178094e-05
a82c727d-0f8d-4306-b92b-774a105c5e1c,saturday,165,0.00023640661938534278
70726a87-672c-4da0-9ec7-75e16bc16d38,saturday,170,0.00015760441292356187
ee99f029-a143-4b5b-bc51-e848069d011a,saturday,180,0.00023640661938534278
dc57ff0a-bcf0-4e07-a9de-a5572793ee1a,saturday,185,0.00015760441292356187
64cdd483-2618-42de-9b6f-b4be8e2835cf,saturday,190,0.00015760441292356187
bb980c3a-0635-4424-b1bb-a0bcec03a274,saturday,195,0.00015760441292356187
5b201903-6797-4d9d-916c-e39f739eb543,saturday,200,0.00015760441292356187
b896b145-0920-491f-8a1d-38bcb3c57b45,saturday,210,0.00031520882584712374
09434aa0-9034-4c8e-a720-fdff7bd7b034,saturday,225,7.880220646178094e-05
80ef2609-c45c-46b7-9ae8-fd1edec3c283,saturday,230,0.00015760441292356187
53bc25b9-3d69-46d4-9a93-e8d7c06b3ac8,saturday,240,0.00023640661938534278
143f5d62-7875-45bd-b299-7ccd8e255bb1,saturday,245,7.880220646178094e-05
20fe038b-6f62-4ab9-af4f-c81d33a21771,saturday,250,0.00015760441292356187
5da80e76-1622-4c18-a93e-5c829d48c36a,saturday,255,7.880220646178094e-05
12e5a229-693d-4ff6-a4e4-ce1a0ad37bc7,saturday,260,7.880220646178094e-05
c7417671-1bfd-4bd3-982c-f9bf830f319a,saturday,265,7.880220646178094e-05
cf63df5f-6ca2-4ec8-8543-7371b3de2c8c,saturday,270,0.001103230890464933
f0c677f0-2917-42ef-b295-893f51c4b560,saturday,275,0.00015760441292356187
61092f59-a68f-4141-bfdc-70b90286cb71,saturday,280,7.880220646178094e-05
d74460f6-f68b-47b9-8f90-6a949dbbf4ca,saturday,285,0.0003940110323089047
4dd7eb22-150a-4081-8c15-d9d567201bd7,saturday,290,0.00015760441292356187
e451ca52-0dd4-4c95-b6e4-9ee556489e3b,saturday,295,7.880220646178094e-05
cff9214e-8bd1-4a1b-ab8c-33c32a31e862,saturday,296,7.880220646178094e-05
21d2d04e-597b-43ea-b594-ad5b946abb05,saturday,300,0.002206461780929866
b9b1ed81-522a-4d67-9539-8076e82c7ac6,saturday,310,0.0005516154452324665
6c31af66-a613-42eb-aa95-83ab76b6f790,saturday,315,0.0014184397163120568
296139b4-c177-4109-8490-50ac068db115,saturday,320,0.00047281323877068556
bac7026e-6a89-4ddd-ba4f-d88166532ba0,saturday,322,7.880220646178094e-05
2b88f67d-65eb-42aa-bfbf-70c575ce55af,saturday,323,7.880220646178094e-05
97ebac95-8fc5-4f61-8d02-3871ce5516f6,saturday,325,0.00023640661938534278
eaebcf7e-7117-45a8-9e93-85d350d36130,saturday,330,0.0038613081166272655
d3b1aefe-0961-42c0-817c-dbd67e9d40e9,saturday,333,7.880220646178094e-05
22b103c1-7436-481d-a4aa-29aab3baad6f,saturday,335,0.0005516154452324665
2a6bf0e6-e35c-4b1d-b363-ebcafd96b02b,saturday,336,7.880220646178094e-05
3340f409-fcf5-424d-a789-66abaeb8d031,saturday,340,0.0007880220646178094
48e717fe-f6d0-42ab-8587-a6630fa4d374,saturday,343,7.880220646178094e-05
7d25cb9f-0ea1-4538-925c-ab977b5a4dab,saturday,345,0.0009456264775413711
1b8d3dfa-871c-4be4-95c1-5bddf95fedfe,saturday,350,0.0007880220646178094
59e57e77-7912-4ba1-927b-e400b7c47b47,saturday,355,0.00031520882584712374
3ee1b201-17bd-41d4-a2f5-cb14ddf56f21,saturday,360,0.004649330181245075
eadbd3e1-c3f8-4f20-ae5d-ae03753b97ff,saturday,365,0.00015760441292356187
b83b0380-3a53-4fe4-bcaa-4391a04a63d5,saturday,370,0.0008668242710795902
1a403ec7-0595-4cd2-918c-4e89d381b61b,saturday,375,0.001260835303388495
3d5f30c8-6fa8-473a-b05e-cd093889cbfe,saturday,380,0.00047281323877068556
1aeea091-f4c1-475d-8451-5509fdf025b6,saturday,385,0.00023640661938534278
34c04b71-58ba-4442-b331-46c1feb18747,saturday,390,0.004806934594168637
e6e07e69-d54e-4fab-8b8e-3c00163e4429,saturday,392,7.880220646178094e-05
f5665c26-121a-477b-9720-f76f9c936685,saturday,395,0.00015760441292356187
3968a8f5-37ad-4d41-91cb-b372e25012ab,saturday,400,0.001182033096926714
2b9f9cc0-cc3b-4eca-9516-520197e88a40,saturday,405,0.0027580772261623326
829fc271-fe63-4946-9773-a23b46ed3b5a,saturday,410,0.0016548463356973995
f039e826-b371-4ac8-b1a4-bf5c36c2d6ad,saturday,415,0.0008668242710795902
e508d96d-eb1e-47dd-90df-20d8f0ec32e3,saturday,420,0.011977935382190701
2adbe56b-0cf4-48c3-bd10-cf821be8ae41,saturday,422,7.880220646178094e-05
2d1368d6-fd9f-4e94-8302-274a7ea30ac6,saturday,423,7.880220646178094e-05
4920c469-9d4b-4d09-87e7-db50401bd28f,saturday,425,0.001260835303388495
551c4db5-303e-43da-8b94-dadee2e28dd2,saturday,430,0.002127659574468085
948dd3a1-5a6d-4eea-afaa-c18093ac4c22,saturday,432,7.880220646178094e-05
ae65b732-0c2a-4d90-9c90-c46c34fe48bd,saturday,434,7.880220646178094e-05
95c1c1e7-2806-4902-9d78-c3e566c4b606,saturday,435,0.004018912529550827
cefb7a2a-b702-4e8e-a8a7-77d9667b7ad6,saturday,440,0.002206461780929866
0978ff76-1abe-4ea2-8cf5-1bc6b5bb229a,saturday,443,7.880220646178094e-05
ab42a47c-780b-403f-a2eb-a7c5d209f2f1,saturday,445,0.0013396375098502758
8c2737bb-dbc1-494a-8d65-2deaa5b0de0e,saturday,448,7.880220646178094e-05
e9611569-b8df-49c2-a440-d67230535e54,saturday,450,0.019306540583136328
6303a5c2-1c3e-444a-b423-3b74ce92cf25,saturday,451,0.00015760441292356187
244e3f54-9062-49f3-be43-aab997732577,saturday,455,0.0008668242710795902
597aa4ad-c24b-446b-9074-fa3b4300bcad,saturday,456,0.00015760441292356187
87e77ae0-46cd-4200-9b54-bc54ae5bcaa3,saturday,460,0.002364066193853428
6c2ea0b0-2d20-49c8-97d4-b43a84712156,saturday,464,7.880220646178094e-05
6b45c704-3a6c-4221-9ecb-fd7da3f6aa8a,saturday,465,0.007880220646178092
84a8933b-4e88-4c71-a051-6a0ebbd939f7,saturday,467,7.880220646178094e-05
2e8520e6-b2a2-4324-aecc-40c06a14d9fb,saturday,470,0.004885736800630418
88ee3b0e-971c-4927-b99c-346a53a907bf,saturday,472,0.00015760441292356187
36463734-470e-4260-a1ef-d88d4db7b70a,saturday,475,0.002285263987391647
d5d424db-b7cf-400f-8763-87d90cf5fbd1,saturday,480,0.032072498029944836
3af660d7-8b9c-42eb-9933-76dab10caa6c,saturday,483,0.00047281323877068556
2f97f261-a682-43fc-8404-0c97a853a69a,saturday,485,0.001970055161544523
8646d1c1-eb59-4e86-b9ca-1437df01f089,saturday,487,7.880220646178094e-05
4d98df98-21ab-4c06-9f0f-4a89179abf8a,saturday,488,0.00015760441292356187
3d046ac6-4232-436c-8804-bd30b533aa32,saturday,490,0.004097714736012608
c8af4b73-ed3e-4ddd-9b3e-eba077636e0b,saturday,491,0.00015760441292356187
161d8ed1-3940-4337-a976-9eba3bf20bb8,saturday,492,7.880220646178094e-05
f308b8ab-f7eb-421f-81b8-3a2fb3be6069,saturday,495,0.011189913317572893
109053c9-7b53-47ca-ab3f-14363deff28a,saturday,500,0.0027580772261623326
c62b3142-d0dc-4106-b86b-ae50b070b7be,saturday,502,0.00015760441292356187
c735bfd5-2842-47be-8a29-0f110f21caab,saturday,505,0.002127659574468085
16bf45db-2f13-4e08-b024-c520ef1f81ed,saturday,507,0.00015760441292356187
7c0ae895-2924-40b2-a0ba-369256e62a4f,saturday,508,0.00015760441292356187
c7662a1a-d7f7-4a2d-ab00-8d807a6f393e,saturday,510,0.03215130023640662
f650ac4d-4171-476b-b78b-a5f7d31a32fd,saturday,515,0.002442868400315209
1b3cbf47-575a-4459-9c0b-39303d88d649,saturday,517,7.880220646178094e-05
1324604c-d116-4264-9b83-6781e94a8897,saturday,520,0.004885736800630418
cffaa2b1-f0a4-4089-871f-b80b0abc3a96,saturday,524,7.880220646178094e-05
d389ed5f-ba0d-4234-9588-f74173b9d09e,saturday,525,0.011268715524034674
daebe06c-740c-4b6b-b05c-c9571cbb1a5d,saturday,528,7.880220646178094e-05
8f73d4a1-2929-4f76-b445-378588c1f1ea,saturday,529,0.00015760441292356187
8f94ca96-5f99-4fc4-9015-b0d3659025dc,saturday,530,0.005988967691095351
6bce7d8c-af23-489e-bdf7-8e01681ec038,saturday,531,7.880220646178094e-05
3a4aa1a5-03ca-4fba-9fc4-b706dd289405,saturday,534,7.880220646178094e-05
253acd20-ca1c-406c-b7d9-30e7d94c6b93,saturday,535,0.0037825059101654845
7a2ade41-fdc2-43ed-be15-951c4df340f1,saturday,539,0.00031520882584712374
a3ff3c8f-d9cd-447f-90cc-bb6ae1e49666,saturday,540,0.05602836879432624
930945e6-88b7-49d3-a50d-fc0c17a45748,saturday,543,0.00015760441292356187
57718cf0-3f83-49a1-b0da-f400a9121554,saturday,544,7.880220646178094e-05
31ef2eae-4c61-4444-9040-21f231a02a6c,saturday,545,0.004964539007092199
734ce62f-2c21-4fd6-96eb-f79f3df92dd9,saturday,548,0.00015760441292356187
790f2533-8c30-4073-800d-2dfaa6cb0d17,saturday,550,0.006067769897557132
9c7950c2-b099-4edd-a2cd-8e57bb4ebee2,saturday,552,7.880220646178094e-05
c1ec3d6d-03de-4594-899e-ab9da7b97497,saturday,554,0.00015760441292356187
caa33e61-e0c8-41fb-8c00-2c3f7d2da15f,saturday,555,0.016312056737588652
8ca25e0f-28f5-4585-9727-6dd0fc960b81,saturday,558,7.880220646178094e-05
97012a69-4bad-4e0c-abea-6aaabd7192c0,saturday,560,0.004570527974783294
c4cf228c-deae-4c31-ac81-98753a21ea38,saturday,561,7.880220646178094e-05
0d6c7122-1a64-4d19-9ad9-4d6eb89ee1ab,saturday,562,0.00015760441292356187
f28c0073-76e6-4d05-ad3e-ce61364351e0,saturday,565,0.003309692671394799
97fee8a7-f634-40ca-a0b5-e0233ee337ee,saturday,566,7.880220646178094e-05
06e4e5a2-9d14-4585-9582-32f14c30942e,saturday,570,0.046335697399527184
d54bacdd-4f51-43c9-9f19-5a925736017b,saturday,571,7.880220646178094e-05
d33ba0ef-db27-4fa5-86f0-a0c2317b50e5,saturday,572,7.880220646178094e-05
d59a63d5-6301-4bb1-b3c1-9ed37576ce47,saturday,574,7.880220646178094e-05
d9ffbf8b-8dc1-4a26-b365-5a2120367faa,saturday,575,0.0026004728132387705
88b7a8f2-0abd-4d8c-b2ac-e62361f4c816,saturday,580,0.006855791962174941
82a28200-2e2f-4523-b185-cd33b25675a7,saturday,582,7.880220646178094e-05
3055f57f-c4a9-493e-a0af-4ecf7ce152e1,saturday,584,0.00015760441292356187
fbd6ccda-d6b6-4d8d-9c53-8177fb668a41,saturday,585,0.012923561859732072
ced0d2bc-3e3b-4465-9a18-53eb6c2de2f0,saturday,586,7.880220646178094e-05
6aa33ad3-57d8-49b9-b5d9-673f24875122,saturday,587,0.00015760441292356187
e7b68c11-978a-4a06-b68a-3a0cb54647dc,saturday,590,0.006934594168636721
139149aa-85ab-4333-8189-c0ee73f61513,saturday,595,0.003309692671394799
2ce5084f-d7d6-434c-9d7e-1df0d25ba709,saturday,596,0.00023640661938534278
3f6319c5-cc9a-472d-ba8d-31366acf145b,saturday,597,0.00031520882584712374
14b5f4e1-6a1f-4237-b14e-0f7fceb5256f,saturday,600,0.07147360126083531
cf5f423a-bd9b-402e-aee2-699206bab484,saturday,601,0.00023640661938534278
6f16cfcb-bcc1-497a-8826-71bf203cea4e,saturday,603,7.880220646178094e-05
8c77737d-3a14-4ca0-89dd-ea6c2aa4481a,saturday,605,0.0057525610717100075
a81ce706-09be-4445-9b41-5ce12fc4dd09,saturday,607,0.00015760441292356187
93c5387f-2d9a-40fc-b640-9aebb78655e5,saturday,608,7.880220646178094e-05
9c6cc13d-c551-4648-a047-8e51ba3a4e2a,saturday,610,0.004649330181245075
42224208-1619-44d3-bf32-e35279c43f28,saturday,611,7.880220646178094e-05
e5c7f8f8-d0ff-4068-9429-fbc960ad9c27,saturday,612,0.00015760441292356187
3e73dc29-4be4-4c7b-92c4-1a2131f3c82d,saturday,613,7.880220646178094e-05
b6351b23-cd5d-4f50-9c05-2a850f24a529,saturday,615,0.01875492513790386
8fe6acac-f20c-4919-829c-f86843104b52,saturday,617,0.00023640661938534278
5aa7d2fc-3064-4f77-9f7c-6abe5d7cfd18,saturday,618,7.880220646178094e-05
6729c3bb-a094-4a4e-a600-d72aaf8ed49e,saturday,619,7.880220646178094e-05
69d5252e-1fbe-4767-9f1f-ad12b333b8e1,saturday,620,0.005516154452324665
8e60a189-d998-4e11-87ad-fe1d51fc234d,saturday,622,0.00015760441292356187
aab17285-db69-4a98-8b0d-a057da5b6311,saturday,623,7.880220646178094e-05
91bf3edd-c5a5-4f19-96a5-e8c85de48faf,saturday,624,0.00023640661938534278
997b8414-e08a-43f2-b6b4-705bcced819b,saturday,625,0.0026792750197005516
221caaab-42f9-47ee-8b13-2eb919f1c679,saturday,628,0.0003940110323089047
281d3010-622a-4859-8ca0-7b589442c277,saturday,629,0.00023640661938534278
edcc5d74-0e4c-4bda-bd55-daf64b38e67e,saturday,630,0.04026792750197006
3bdfe911-a6d3-4aad-b209-254ae932dcfe,saturday,632,7.880220646178094e-05
307b14e2-21da-4a05-8845-f5feb024f6d8,saturday,633,7.880220646178094e-05
da08e0b6-b45c-4030-96dd-62db4ab027af,saturday,635,0.0027580772261623326
1af5c80b-5b44-4102-8e35-5b9922b2ee8e,saturday,637,0.00023640661938534278
da40ca69-1f17-4121-beb9-d63c74973879,saturday,640,0.00512214342001576
2e37b4c0-0689-4774-92cc-85147e39b626,saturday,642,7.880220646178094e-05
2b0a3b2e-ec1c-4ed7-b197-d95acb45b4b3,saturday,643,0.00023640661938534278
28051889-5785-4568-ae24-7091f19ba26c,saturday,645,0.011111111111111112
c42f8ce2-ee72-4a0d-ac01-34d187c8b5ab,saturday,646,7.880220646178094e-05
9186848f-8619-4839-9c6a-3b028a7a85a6,saturday,648,7.880220646178094e-05
da2ecb56-c4cf-49b3-9995-eb8e23a5b8e6,saturday,650,0.0030732860520094564
f9bffb9c-5e8d-4e58-9c78-ad2520e05fe4,saturday,653,0.00023640661938534278
59ad7f85-def3-446f-9332-9fe4af476ae2,saturday,655,0.0027580772261623326
7beb2de1-d805-4471-ac7d-01cfcb32d74a,saturday,656,7.880220646178094e-05
ed7e2ba4-785c-49ea-a62b-7f4b84cef743,saturday,658,0.00015760441292356187
9b9a86ad-3adf-4bd1-9272-58f1f2e5714a,saturday,660,0.04822695035460993
fb59b2f1-ccd6-463b-b12c-f325b153d04d,saturday,662,0.00015760441292356187
88594ba5-7e38-4b34-af9a-0b2ad05b4a88,saturday,663,0.00015760441292356187
0aaa3d9f-cd08-434f-9fed-08cdb6047efb,saturday,665,0.003624901497241923
caf3468a-327b-4346-ae55-49324cd57b26,saturday,667,7.880220646178094e-05
9c5d0467-9d03-4f25-950c-fe63a8cf9285,saturday,670,0.00504334121355398
0a8f6151-6148-442e-b13c-fdcc18a45d73,saturday,674,0.00031520882584712374
60ef41a0-da52-4a2b-9300-b278d40c73d9,saturday,675,0.00929866036249015
7bd9e673-cdbb-4403-b1d5-f3b8d0923ae0,saturday,676,7.880220646178094e-05
ee27a213-232c-4a98-ab34-73f28ed86ef3,saturday,680,0.003230890464933018
22ee5478-2e5f-401e-a60a-43aedacc15ec,saturday,682,7.880220646178094e-05
1f44a54d-406c-4e2b-9594-614e4001dbc2,saturday,683,7.880220646178094e-05
70d9f4c8-2f8e-4635-8d83-076ddc84e8b9,saturday,685,0.0018124507486209614
b43b7344-931c-4769-ba37-6582f819e3f0,saturday,687,0.00015760441292356187
302e5204-6993-42ab-9a2a-9152441a5999,saturday,690,0.02458628841607565
46a4b22c-0546-4698-ac79-3832dc500cb9,saturday,692,0.00015760441292356187
1e46cd5c-8bc4-430c-968a-af5b1392b03d,saturday,695,0.0016548463356973995
aa7ea3e5-40f8-4b84-9bd7-3d82a25fee59,saturday,696,7.880220646178094e-05
10faf121-4c24-46ee-b7b8-2ce6077fa8de,saturday,699,0.00015760441292356187
36b9e7a2-d6b0-43d3-8ae1-52b301d34dfc,saturday,700,0.0026792750197005516
069edf3c-5e2d-436a-a3d1-ed80893091c7,saturday,701,7.880220646178094e-05
93e1fd7d-850a-4ef4-a265-ab2a2e83f638,saturday,702,7.880220646178094e-05
601c61ca-b5f2-4a1a-9634-ee71d5c0d0cd,saturday,705,0.006698187549251379
bdee299b-be98-467f-a7c0-d40bb7ec5085,saturday,707,7.880220646178094e-05
92e97686-c044-4ae6-8116-429306ef6d38,saturday,708,0.00015760441292356187
c6664e21-f885-493b-9f9f-99f8102f7fce,saturday,710,0.0029944838455476753
f0df2146-4337-46c4-8f1e-22dec4a3dfe9,saturday,715,0.001260835303388495
c787018c-794d-48d6-9e01-ebea744c7df1,saturday,718,7.880220646178094e-05
6a41b898-7ad0-493e-b1e4-1507468248d4,saturday,720,0.0202521670606777
10eb44c0-5238-4591-8db9-83434a5b0020,saturday,721,7.880220646178094e-05
f6cca7b9-a25c-4a8e-843f-3fca8454608e,saturday,722,7.880220646178094e-05
05470861-99ba-4896-8a96-73b51a9111f8,saturday,725,0.0014972419227738377
7f69c19c-15da-42e3-8653-b15c636855ca,saturday,727,7.880220646178094e-05
3ad52081-697e-47fe-962e-ad5a4b3feea6,saturday,730,0.002206461780929866
34cf633b-ec56-4292-8eab-095425547175,saturday,731,7.880220646178094e-05
7621d4da-97af-4f55-9f2a-4709b5d3b3e1,saturday,735,0.005279747832939322
a6bb9d56-a5e1-4610-a99c-bb12a8dac9f3,saturday,736,7.880220646178094e-05
6466afa5-4452-48f5-ad4f-3234e77653cc,saturday,740,0.002127659574468085
ceffff96-9b4e-48d3-aad7-c04c64a1c9c9,saturday,742,7.880220646178094e-05
4fa5c254-13b1-41f0-b5ba-6d010b89cc4e,saturday,745,0.0014972419227738377
9ad8b1b8-0613-4f81-80c4-c514e11d5f01,saturday,746,7.880220646178094e-05
50e65fd7-a5cd-445d-b988-19b78c4d5e1f,saturday,750,0.013396375098502758
e0011f91-b988-4f91-8347-6bccc292f347,saturday,755,0.0008668242710795902
47b48d49-1b15-4784-8176-a33e7ceac19b,saturday,757,7.880220646178094e-05
6dad6fb2-b023-4888-a830-ba0994580aa9,saturday,760,0.0018912529550827422
562127e4-e3b9-424d-abd0-9eff411a1d5b,saturday,762,7.880220646178094e-05
6fcf6eb0-95b5-4b43-af83-91a9fa949aff,saturday,764,7.880220646178094e-05
74771827-6f93-4a86-851a-2ca518de4578,saturday,765,0.004334121355397951
d3a68ad7-93cf-4dd5-9f1e-5424d9899bde,saturday,770,0.002442868400315209
24588f5e-ee51-47bc-b703-bf0d6499b627,saturday,775,0.0006304176516942475
7d234fb1-9c0d-412a-a71d-dfd2bb734d91,saturday,780,0.024349881796690308
602a0336-3c1c-4c87-ac7f-f2f5c33f3ce6,saturday,783,7.880220646178094e-05
547f4cf5-57e8-488c-9d33-4bd8e1d75f06,saturday,784,7.880220646178094e-05
f3c14ee1-b182-434a-908f-57c84f71b240,saturday,785,0.0013396375098502758
f29b3bf4-f706-47c3-a371-e3d40b00c805,saturday,789,7.880220646178094e-05
37fa7e95-3d10-4976-bb65-319a1407e784,saturday,790,0.002048857368006304
5e40e69f-797b-4a87-9d81-e805f8e465e6,saturday,794,7.880220646178094e-05
d0f4d455-e181-4de7-94be-2a3db9e9b368,saturday,795,0.004964539007092199
af1c1e40-31ef-48a3-9357-4ff3ac2c224a,saturday,798,0.00015760441292356187
d983b7d9-c04f-415d-b21c-2ee9fa386726,saturday,800,0.0014184397163120568
38122c9e-43bc-4494-8d5b-5f16655ccc81,saturday,801,7.880220646178094e-05
1a4198ea-010f-4749-b5bb-6387e12249a4,saturday,805,0.0006304176516942475
8b0fb80f-26ea-479e-8755-c229f0672f2b,saturday,807,7.880220646178094e-05
ab0ae990-778b-4a11-9c48-18a220a2ea66,saturday,810,0.015918045705279747
b7387347-6f58-4deb-86c4-ef96bcc89153,saturday,813,7.880220646178094e-05
5081eb1b-08fa-44cc-bf70-4b510543dcc8,saturday,815,0.001182033096926714
90821e57-8dd6-4a09-888a-9abdda583650,saturday,820,0.002206461780929866
aa81f91a-5391-4fd1-a85a-7b5cf683e3f1,saturday,824,7.880220646178094e-05
d2bd99f3-731d-4066-a55d-c3505cf90c61,saturday,825,0.004097714736012608
af9a4fc2-d4cb-486e-ad28-9a8dbb2dc97c,saturday,830,0.0016548463356973995
a65d5be5-3b0d-462e-a35e-dbb762c3a9d3,saturday,835,0.0007092198581560284
aea9a1a3-ef8f-417a-80cc-8864bc895ec0,saturday,840,0.029314420803782507
7cc5298e-1bbc-413e-b8e8-ab1dafe8e3b3,saturday,845,0.001970055161544523
c85fdf39-e4b5-409a-86b2-dd2484324ef7,saturday,850,0.00252167060677699
600a385f-fe0c-4df2-84e0-c433ed4018a4,saturday,855,0.004728132387706856
59fa57d9-2bbc-452f-a682-055397a5e3a0,saturday,858,0.00015760441292356187
54679c79-5e17-45de-9527-bdb9c947a208,saturday,860,0.0016548463356973995
2d80cc15-f3c5-4f1e-a9ba-a060a84c6dcb,saturday,862,0.00015760441292356187
b8b77cae-637a-4e3c-b289-5ec9ed96e6ee,saturday,865,0.0007880220646178094
18973ede-ae20-4e28-afaa-e06529ea7819,saturday,866,7.880220646178094e-05
7b66934f-6494-42f7-83e0-38701bd6a81b,saturday,870,0.011347517730496455
896322fa-e164-4233-a3f8-859253454efe,saturday,875,0.0008668242710795902
90e906bd-d6e8-40a2-b421-49c2a640d32d,saturday,876,7.880220646178094e-05
8adcd66f-baa4-4e76-a797-6bd88d056282,saturday,880,0.0013396375098502758
aac59a0c-3f97-4d0f-b045-1e7d454e1144,saturday,884,7.880220646178094e-05
a5161c62-0eec-474f-886a-819782750023,saturday,885,0.0035460992907801418
d08fa93b-53cf-451f-b885-543789d16870,saturday,886,7.880220646178094e-05
21d3b09b-0cbc-488c-88e8-cf43ee91dc1d,saturday,890,0.001970055161544523
37220180-88b8-46ee-9ebd-af644e29a8bc,saturday,895,0.001182033096926714
75564883-e2ce-4662-9934-0d147846ab31,saturday,899,7.880220646178094e-05
d8714169-337a-4005-805b-94d17f515ca3,saturday,900,0.015839243498817965
82d669a6-9975-4b09-b0dc-4ca97a4c5749,saturday,905,0.0005516154452324665
512daea5-990c-46b8-a611-0e0a13a9eaa5,saturday,910,0.0030732860520094564
5da2be24-f6f4-40bd-95fb-d480ef0569d5,saturday,912,7.880220646178094e-05
a01813a8-d376-4bf7-af06-a3c81789eac0,saturday,915,0.0026004728132387705
1589eca9-b036-4674-a557-1e875b94d85e,saturday,916,7.880220646178094e-05
a358b896-08f9-43f7-8fed-a9902cbc0749,saturday,920,0.001024428684003152
7666c652-1e7c-4d30-9ffc-129e77ef4fc1,saturday,925,0.0006304176516942475
6a50c54a-904e-4882-a495-b254d8255133,saturday,930,0.009062253743104806
cf3687de-6cbe-49c2-a59f-c0d9e68701b9,saturday,935,0.0007880220646178094
cc7b396f-75d6-42c8-af92-fb30ab64d06c,saturday,940,0.0009456264775413711
1650048f-8b79-4d2d-b456-29584229c2ce,saturday,942,7.880220646178094e-05
b05c00c8-0141-4a65-9ab5-51d53455df77,saturday,945,0.0026004728132387705
0b592ef6-ebd7-4caa-b8ce-1a96fba0e536,saturday,950,0.001103230890464933
72b0e8b5-a79a-4a07-bf29-9329ba2c0362,saturday,953,7.880220646178094e-05
918b86d4-3a23-4952-8e30-eba470fbe260,saturday,955,0.0007092198581560284
bf83a4c1-c01e-4428-a299-8cac9280739f,saturday,960,0.011268715524034674
19482501-335b-4cf7-8ebc-e98cc3ae4c4b,saturday,964,0.00015760441292356187
c19241a6-6dfa-464d-a157-62f57d99acbd,saturday,965,0.001182033096926714
105a4330-2b19-45a9-8674-a786d4212c4b,saturday,970,0.0013396375098502758
73de04bb-e481-486f-af7c-174191eba3eb,saturday,975,0.0026792750197005516
f6982f26-9cd9-45ef-964b-37669c92888f,saturday,980,0.0015760441292356187
d2a0a8c3-f94f-48c3-aa76-eb96e4c97851,saturday,985,0.0006304176516942475
8fb60f3f-10c3-43ff-bb76-2b7a6b0227b6,saturday,990,0.005673758865248227
b940cb85-5b2a-4a71-b588-3fada8d951f6,saturday,995,0.0003940110323089047
7939ef46-873a-4ad0-a2d8-848b765e9fd6,saturday,997,7.880220646178094e-05
0d10062d-653a-4817-892a-59f51751b3f0,saturday,1000,0.0014184397163120568
711f2fa6-0f8e-45e6-8aeb-c97f67bf4cd7,saturday,1002,7.880220646178094e-05
210c784e-7d5a-4da2-a444-b2d08b7026c4,saturday,1005,0.0029156816390858943
c413c8d6-5ac2-4d0c-b812-83031f1c04a6,saturday,1007,0.00015760441292356187
6d208729-12b1-43ca-b989-3e56269eb353,saturday,1009,7.880220646178094e-05
30becc75-66b0-46ee-82ac-472c738707dc,saturday,1010,0.0007092198581560284
b3205892-45c6-4f38-8cb1-6c4692d9b09a,saturday,1011,7.880220646178094e-05
eb267b2b-7b32-49fe-a843-f0e1c7e4a7f6,saturday,1015,0.0007092198581560284
6c10e59c-f1e3-4005-aefd-b8865241a97c,saturday,1020,0.009219858156028368
0e3540a4-29e5-4e7d-a85b-b2e22b5b5094,saturday,1025,0.00023640661938534278
fa02fb4a-382a-4cef-8848-ed5120a8b900,saturday,1030,0.0007092198581560284
ffc4537d-3096-4be6-827b-896f4d5b0f9f,saturday,1031,7.880220646178094e-05
e7542683-9bd9-458d-b5f5-6bb469ffbf1a,saturday,1035,0.0018124507486209614
e171fbf1-ddf6-4cc0-8948-d5180c5baa5c,saturday,1040,0.0007092198581560284
19793e85-cc7c-4350-bfce-8fb8b849d937,saturday,1042,0.00015760441292356187
cf3a65c8-84b3-4a21-ae27-9149a5ab004c,saturday,1045,0.00015760441292356187
e618e2c7-8bff-4bb6-806d-1e60b17bcd04,saturday,1050,0.005988967691095351
a9f073c7-fa20-4f10-bf56-2c9e124569e7,saturday,1055,0.0008668242710795902
9defbb15-9f3c-4a80-bfc1-40f807f883bd,saturday,1060,0.0006304176516942475
f1f2234c-3b91-43c9-893d-53de4df7992b,saturday,1061,7.880220646178094e-05
2d6e665a-812b-4117-b468-fc8526cada48,saturday,1065,0.0015760441292356187
3a9036df-a09e-4373-9b26-17f6557d6f39,saturday,1070,0.0009456264775413711
656e6d4c-e08f-4e71-950d-742d860e1b39,saturday,1075,0.0007092198581560284
4d14b3e9-9576-4ab1-9569-0cbac672bae3,saturday,1078,7.880220646178094e-05
f757df6c-f0cd-41df-ae4d-451f69be13ab,saturday,1080,0.009141055949566587
52d99401-dfdb-4e54-969a-2b7d5c1d55bc,saturday,1085,0.00047281323877068556
56ec454b-45dd-4037-b106-a421c1a4ba02,saturday,1090,0.0009456264775413711
3ae1e96d-54a8-4cb2-b5b7-257d403f3e22,saturday,1092,0.00031520882584712374
790ae742-ec02-45fc-8aa6-4f4f7686f817,saturday,1095,0.002442868400315209
2ebaceca-1b78-4568-909f-9080f8953853,saturday,1100,0.001024428684003152
33935a36-4cac-4400-ac9b-51cbc69efaa4,saturday,1105,0.00015760441292356187
0eb95f12-f0e4-4243-aa2a-b4353a3d34b5,saturday,1110,0.0037825059101654845
f6fe4c48-9505-4bb1-977d-5992dfbf36d9,saturday,1111,7.880220646178094e-05
da8896b5-2997-4963-9f26-8a0e3faf2f4a,saturday,1115,0.00047281323877068556
4eb10ab5-10d9-4958-b82a-d3c232cd7cad,saturday,1120,0.0006304176516942475
cb4554f3-c815-4ce7-b891-2a1e341311a7,saturday,1125,0.00252167060677699
a3821840-57be-4da8-bbce-b0016e9d9422,saturday,1130,0.001024428684003152
a26400fd-89db-4d6d-bb9f-c5ed19bf9f46,saturday,1135,0.00047281323877068556
b1d4ead3-abf6-436d-9681-70d48ad21d2c,saturday,1140,0.003309692671394799
3721b8e3-47ac-4f0c-bbdc-fd2df7546e21,saturday,1143,7.880220646178094e-05
5013be9d-a8df-4daf-a61d-8f88a072445c,saturday,1145,0.0003940110323089047
ab6c8df3-4969-4777-8bb9-5706d76cd8fd,saturday,1147,7.880220646178094e-05
8a0472e9-d1f2-42db-9aea-8dfd21abe0cc,saturday,1148,7.880220646178094e-05
bcf5480e-1515-4da5-93b3-cdeaaabf74ff,saturday,1150,0.0006304176516942475
b5d57cbe-f6c6-4c34-99b1-287f29bb01d0,saturday,1155,0.00047281323877068556
42a827e5-a753-49e2-9e59-0b069609e094,saturday,1160,7.880220646178094e-05
70dcc52a-0087-4c1f-9f9f-2eeccd921fb6,saturday,1165,0.00023640661938534278
d471fbbb-6586-4ec4-9170-303bf4835832,saturday,1170,0.0016548463356973995
f0ca61ad-3e50-4377-831a-204f8f0874a7,saturday,1175,7.880220646178094e-05
2b05083a-9d1e-468b-97c2-fc5edda16a1b,saturday,1180,0.00031520882584712374
cc636988-9c85-477b-b832-a066d2b0d3de,saturday,1185,0.0005516154452324665
58e31cc9-102a-4811-ab48-e22d7c407d48,saturday,1190,0.00015760441292356187
b18e407e-2b0e-4874-ab98-92f8c64b7c2c,saturday,1195,7.880220646178094e-05
4d384f83-99aa-4419-902c-b7f5cb979461,saturday,1200,0.0015760441292356187
f8ee1dd5-4210-4596-b03e-ea2e3160bf56,saturday,1205,7.880220646178094e-05
43abc24b-c2c9-43c2-bd0d-becdf11fe552,saturday,1210,7.880220646178094e-05
519ec2e9-466a-4e6e-95a2-a6f0a5d8dc26,saturday,1215,0.00023640661938534278
0c3616ed-6bb6-41a2-bfa5-22a761f27358,saturday,1222,7.880220646178094e-05
3e0c615a-bb61-4e88-a7cf-bfa5ced1a568,saturday,1225,7.880220646178094e-05
1da453dc-6316-44eb-8f69-e7a6a46897b7,saturday,1230,0.001103230890464933
85ed9fc2-b463-4010-891d-23d17023f8cf,saturday,1232,7.880220646178094e-05
01051afe-4734-4f74-9d56-d73285e957b7,saturday,1245,0.00015760441292356187
351a5dfe-033e-43c3-8c90-10b71fe2d660,saturday,1250,7.880220646178094e-05
364b19e7-ab65-440e-adb7-d8d33fcbb0df,saturday,1255,7.880220646178094e-05
1efbc338-6cd3-41fe-9f1e-118d8db21f90,saturday,1260,0.0005516154452324665
f5452ded-6687-46dd-a310-5e17d2e3740e,saturday,1270,0.00023640661938534278
f92c6691-5201-403a-a4c4-1a1d03620f67,saturday,1275,0.00015760441292356187
c78fd269-a959-4a06-b90e-f40bb6ac6f07,saturday,1290,0.00015760441292356187
5aaad8d0-ae73-4d99-bad6-ceb23ff1379c,saturday,1305,7.880220646178094e-05
2d832d09-3939-4670-ad46-656e0568b0be,saturday,1310,0.00015760441292356187
17832dc2-841e-4b8d-b0a9-4c708a36df2a,saturday,1320,0.0003940110323089047
a27c8413-bad0-4fa6-8176-e30b8a91f26a,saturday,1330,7.880220646178094e-05
2f308f18-331f-43e0-ad81-1fd5d1b5765c,saturday,1335,0.00015760441292356187
d2fb1ae7-95d4-4753-9083-080aa7b79709,saturday,1350,0.00015760441292356187
6e0368fa-912b-4ed4-8fd8-b6a5a4208a53,saturday,1380,7.880220646178094e-05
b60a827e-1e2b-4f16-9f62-67d462f40dfd,saturday,1395,7.880220646178094e-05
baec909b-bbc1-4fc6-9375-b29451a33991,saturday,1420,7.880220646178094e-05
6900ce7e-e04b-4a0b-91ad-0a10005c702d,sunday,0,0.0005134788189987163
a06efdaa-44a0-42cf-b0e1-3b14d7cfd4d4,sunday,2,8.557980316645271e-05
512bf1b6-7079-420e-b89f-db619ba9129f,sunday,5,0.00025673940949935817
609f1d9c-78dd-42fe-b0a3-db9b3732f619,sunday,10,0.00025673940949935817
978d0ccc-3699-478c-8d74-13065280f1c8,sunday,15,0.0005134788189987163
391eca89-3016-4e33-8e70-b37b49aceec6,sunday,20,0.00025673940949935817
3123620f-d788-4a63-a4ea-2fd38758e452,sunday,30,0.0005134788189987163
1f147482-32fc-4ac9-9570-b8b1fa3680a5,sunday,40,8.557980316645271e-05
bb30d536-002a-4a7a-bc1e-9bf54373bf66,sunday,60,0.00025673940949935817
1a1797e3-7f1e-40ea-93d8-ee8cc93a316d,sunday,65,8.557980316645271e-05
41df2d47-9b66-4948-98cb-3bf6ddc2b8aa,sunday,80,8.557980316645271e-05
dabd4106-642c-41b7-9245-45351f240299,sunday,90,0.00017115960633290543
23731bdb-05ca-4615-947c-b5f7e6446832,sunday,110,0.00017115960633290543
5a2e1150-4892-4694-8deb-8a2315caa7d0,sunday,120,0.00017115960633290543
c70f14a3-4067-4b4b-8c16-ff070058a5d8,sunday,130,8.557980316645271e-05
e7ff3991-f8b1-4720-a215-d3ac348acb86,sunday,135,0.00017115960633290543
d60836de-d90b-4ff0-bfc7-518caac84470,sunday,150,0.00025673940949935817
3d25b715-a150-44f5-b576-bd8ff6e2d2b4,sunday,155,0.00017115960633290543
c8d98a97-7e1f-44f9-9a18-20293c684a10,sunday,170,0.00017115960633290543
7f090873-fc14-4dfe-8a39-1e0d665c10aa,sunday,175,8.557980316645271e-05
b903e8ad-dfcc-4480-a911-9f4cca95b76d,sunday,180,0.0004278990158322636
63a8e771-42f0-4b05-b992-291afd5a638a,sunday,195,0.00017115960633290543
406aaffe-91c3-4aa3-836c-4dd97a79f8ad,sunday,210,0.0004278990158322636
eb3ce9ea-b5dd-4e1a-be28-3b1e8d104744,sunday,225,8.557980316645271e-05
1c2557c8-1ec9-4dcb-b9a4-7f49ee3198de,sunday,240,0.00034231921266581085
a37445e3-0ea0-4cdc-a69f-3e92a8467d6e,sunday,255,0.00034231921266581085
1f816fba-745a-46fe-82d5-c14e8e2850c8,sunday,265,8.557980316645271e-05
a9b9ea2d-14cc-4938-aa44-c2fb6468b1d8,sunday,270,0.0010269576379974327
40fd5aee-df37-4864-a355-361cf667a941,sunday,273,8.557980316645271e-05
074283b6-e5b2-4c8d-b59f-cf280a058d04,sunday,275,0.00017115960633290543
c47e4585-600d-4d62-831c-3257e9c81317,sunday,280,0.00017115960633290543
acc85797-30e5-464b-b545-9d931c30716a,sunday,285,0.00025673940949935817
f926799e-100f-4721-8ce4-586e64f7d44c,sunday,295,0.00034231921266581085
9f8fbc69-73f8-4dff-8791-0c6879882a16,sunday,300,0.0013692768506632434
ec1aa7ef-9a43-4f0d-880a-9ac3bddbef35,sunday,310,0.0005134788189987163
b02543c6-ab93-49ad-a32f-871359826ece,sunday,315,0.0004278990158322636
92261855-f783-4b05-a597-189d71310e00,sunday,320,0.00034231921266581085
d9c131d5-b702-4d5c-917e-88a297ce4fe1,sunday,325,0.00017115960633290543
b7b06a7e-d920-40d8-a205-82d4bfa1168b,sunday,330,0.0032520325203252032
8e178468-a924-4c07-bcf2-144fe3b4bddc,sunday,335,0.00017115960633290543
e7a435f9-cf93-4bf2-b703-2fe586f1f148,sunday,340,0.0004278990158322636
866ed31f-9dc9-4c5c-8d16-824f613d8b4a,sunday,345,0.0013692768506632434
5497ab79-5d04-46c3-a0c8-89e4a490c7cf,sunday,350,0.00025673940949935817
b6f6de80-017f-4cb3-8d74-be0d1fb07847,sunday,355,0.00034231921266581085
aa029d6d-380c-472f-b041-49f9bdd57715,sunday,360,0.004278990158322636
e31977b0-32d1-4788-8888-fdeff06fd0c1,sunday,370,0.00017115960633290543
49a979fe-676f-4af3-a7da-686e77b36702,sunday,375,0.0011125374411638854
fa92601b-56d1-4900-9949-cf20b685547a,sunday,380,0.0004278990158322636
ed45750b-0e3d-4ff6-a86c-b4b92ad5c12d,sunday,385,0.00034231921266581085
c1adb847-0782-4453-ae1c-bbe5df9b9089,sunday,390,0.0028241335044929395
9dce535a-5ccf-4ea5-92b2-21adef84ed45,sunday,395,0.00034231921266581085
7a3bb142-8041-4330-9f19-3df74495a82a,sunday,400,0.0009413778348309799
488dd001-28d1-4e3f-b814-6a9258491fb9,sunday,405,0.0016260162601626016
0527c9f9-865c-4f02-9073-3bc25b04e70f,sunday,407,8.557980316645271e-05
03e27e30-bff0-4f47-9d0b-c96df2e4a491,sunday,410,0.0013692768506632434
0777ba70-cdb3-42d7-8ff7-3288c4d2612c,sunday,415,0.0006846384253316217
b2d17feb-0a8b-4a34-bf61-5a722de70078,sunday,420,0.007958921694480103
8f8924a7-c95c-4136-8cd1-d4ea17874689,sunday,425,0.00034231921266581085
3a971c12-552f-48e8-b5b0-5a5fa434d209,sunday,430,0.0004278990158322636
04a56c90-5e49-4c5e-b5a8-70d20b316c78,sunday,435,0.002652973898160034
ad50474b-3c68-4065-9c4d-8b93a8f32cbd,sunday,440,0.0011981172443303381
659a99d8-d5dc-4843-bd69-447c0bf1c31d,sunday,445,8.557980316645271e-05
9d084e19-a968-45cb-a600-6fb92ec93e52,sunday,448,8.557980316645271e-05
ff23868e-ce0c-41b7-a01b-611f093f0edd,sunday,450,0.006589644843816859
ca41b782-56d1-4e63-8587-994c1e934032,sunday,455,0.0013692768506632434
85636eed-934f-403c-8732-38d5159d5c55,sunday,459,8.557980316645271e-05
2aeb2394-5a65-498e-9ca9-8fb4f4fea9e9,sunday,460,0.0013692768506632434
f8a564ba-e261-4e5a-a238-e429eef4b7f8,sunday,461,0.00017115960633290543
0692561e-8d5a-4395-a62c-5e6bfab731cf,sunday,462,8.557980316645271e-05
a1e4a54b-36aa-428c-8105-b83bde5ed65f,sunday,465,0.003679931536157467
43f97ada-8b21-42ae-9fc8-c7ed681c158b,sunday,470,0.0013692768506632434
55fe9d73-a247-4415-9d6a-35c408bc1a97,sunday,472,8.557980316645271e-05
e5c9388c-a531-4c66-955c-8f366758535d,sunday,475,0.0013692768506632434
4dd19b0c-5b72-4ea2-9a4a-653715564e74,sunday,480,0.016859221223791184
dea619bb-f762-472c-975b-a2c10dacf41c,sunday,484,0.00017115960633290543
48bb2047-7823-45d3-9d9f-3b40c0ddb382,sunday,485,0.001797175866495507
55c2eefc-e90c-4c79-bfa6-01daaf5caf45,sunday,490,0.0023962344886606763
68ff0519-bbfd-49c9-8d27-65aff574457f,sunday,495,0.00693196405648267
11e07a8e-e40b-4476-8a3b-f188735a5492,sunday,498,8.557980316645271e-05
238f448b-cc59-4526-9bc9-f1d5073dd3b2,sunday,500,0.0020539152759948653
c6df6d72-d091-464c-964a-585db71b0f60,sunday,504,8.557980316645271e-05
2ab57c44-b0f6-4b05-9cfd-946a9b52a0b6,sunday,505,0.0005990586221651691
fdeefe6c-4f8b-4808-8248-ae416260b6dd,sunday,510,0.018827556696619598
07dd2c28-7b63-40be-9eb8-621f5b9983e8,sunday,515,0.0011981172443303381
c69ba33c-149f-4b2e-a169-e0a380065e57,sunday,516,8.557980316645271e-05
2318f7fe-96f2-4e62-bf50-a83e0d5a1805,sunday,517,8.557980316645271e-05
55e8c7b7-cf21-4e99-adfb-a68aea3e6127,sunday,520,0.0017115960633290544
80a24744-0184-408f-9fc4-75db9f2e52b6,sunday,522,0.00017115960633290543
efd3fde5-1cfa-4ba7-8f8a-5f1427371363,sunday,525,0.009242618741976894
6745923e-2d4d-4b4f-9578-9a82128aef57,sunday,527,8.557980316645271e-05
3d33f1a7-0a2a-44b1-8c69-967f72caea00,sunday,530,0.004193410355156183
d1dccd12-1415-419f-b2b1-fec2c64f7169,sunday,531,8.557980316645271e-05
0524325e-a51b-49a4-9be4-cf761ae24a09,sunday,535,0.002225074882327771
8b7f003d-6f4c-4887-b80f-a3cec021de15,sunday,536,0.00017115960633290543
f2f0125c-0a09-4588-861b-32ff6d86f7af,sunday,537,8.557980316645271e-05
224ad891-e8ae-406c-8cd9-c4be60db6468,sunday,538,8.557980316645271e-05
237c4f0e-2998-4911-8930-e68c49ee6b5e,sunday,540,0.03791185280273855
872ac801-357a-414a-8aa7-badc591884ce,sunday,545,0.0024818142918271286
7d8b3f7a-85e9-4f58-bd69-89b478274a44,sunday,546,8.557980316645271e-05
f153a4fe-5194-4778-bb5d-7e2210080620,sunday,547,8.557980316645271e-05
1d168ede-66a2-4b9e-8033-d8341e539f93,sunday,550,0.004193410355156183
00165b62-e732-4620-97f4-4889a438e73e,sunday,551,0.00025673940949935817
bf4bd1f0-7037-4b8a-ba40-a68162ad40bf,sunday,552,0.00017115960633290543
d396ffc4-cbcf-4f96-a287-b50b96fbb135,sunday,553,8.557980316645271e-05
ec48cd88-a0c7-4fe3-a59a-0e910e7dd4b6,sunday,555,0.014377406931964057
dc27922e-1e4b-46cd-9524-5704a1833a89,sunday,556,0.00017115960633290543
ec18ec1d-e4bd-4b58-930d-c08cb43b2737,sunday,560,0.005391527599486521
326d8f82-0324-47a3-b7f0-a5465f612c98,sunday,562,0.00017115960633290543
3f98e6fd-5f11-4ad4-8d68-cf271173471f,sunday,563,0.00017115960633290543
24fc9bce-e8d6-49cd-82e9-05bd0cffb63c,sunday,564,8.557980316645271e-05
9a384496-b718-43d0-8fdc-8f513f12c574,sunday,565,0.0031664527171587505
ecdc3916-0716-4008-a33b-264e4d2320f0,sunday,567,8.557980316645271e-05
ebdcf105-2c16-4c1d-aa2c-fc68d0d8ce8a,sunday,570,0.0345742404792469
cbcefa34-afc4-40c8-b3a6-da0190f87165,sunday,575,0.0024818142918271286
93d7e3dc-267b-4de6-932d-c95dbee12691,sunday,576,0.00017115960633290543
2ff23379-0281-4415-969f-cc324f04012a,sunday,578,0.00025673940949935817
5ad4dcc6-3f6d-4d0d-a234-bb49374724ae,sunday,580,0.006332905434317501
fa8dc745-c690-4903-96de-43130c2538d6,sunday,582,8.557980316645271e-05
7a60fe31-f26c-4cf1-b5fb-2eec987eb38d,sunday,583,0.00017115960633290543
58f8e94a-6eb0-404a-9636-b1263422fe52,sunday,585,0.01668806161745828
8db0fc85-1b7b-4b9e-9c04-8af98317c590,sunday,590,0.006760804450149764
20047ceb-335f-45f4-bd0f-613184db622d,sunday,592,0.00017115960633290543
a1948c27-190a-488b-9b99-36c84150c456,sunday,593,8.557980316645271e-05
1f63eea3-ed46-412b-9600-816ff18a0f14,sunday,595,0.0025673940949935813
c5816eff-ce66-493d-af8c-4c321b8cb31b,sunday,596,8.557980316645271e-05
23a104ec-093b-40e2-8fe7-535a47935a09,sunday,597,8.557980316645271e-05
e7dc42f1-de7f-4b25-9d09-8d7b7beeac6d,sunday,598,0.00017115960633290543
a6219f99-0dd0-407d-9df2-b4ac3518b51f,sunday,600,0.05468549422336329
160bb539-f010-4c5d-8d6f-45ecf03a6b73,sunday,603,0.00025673940949935817
dde12c61-3fcb-4274-8d33-22456db02e7c,sunday,604,0.00017115960633290543
10b4fc77-b40d-48ad-9ba2-cc90f01cadc8,sunday,605,0.00504920838682071
15cf9ff4-ecdd-4a1e-8856-9ecd7c5692c0,sunday,610,0.0035087719298245615
739893b2-44f3-4b23-821a-ab2eb64365d9,sunday,612,0.00017115960633290543
54c0be02-4c26-41ca-bb9d-4b87e72c3f9d,sunday,614,8.557980316645271e-05
425fa1de-dacb-49f1-8ce9-935b0577a8a9,sunday,615,0.0173727000427899
5e5cafbb-2f9e-4a68-a497-77cb361a8059,sunday,616,8.557980316645271e-05
333c4bf6-5f3c-411c-a36c-e06742321c43,sunday,617,8.557980316645271e-05
f426845a-4884-441a-b4d8-dc59eacb49d8,sunday,619,0.00017115960633290543
9d03515f-2496-4078-932c-c67f0be261bc,sunday,620,0.004878048780487805
1076f57c-c9e5-4489-ba73-f0ccb06b727a,sunday,625,0.0018827556696619598
6fe4e3dd-3e91-438b-9675-997f8101de4e,sunday,630,0.03337612323491656
ce884979-e070-4ca8-af58-522a19b4a20a,sunday,633,0.00017115960633290543
4ab12f55-5541-48b2-beda-c0ed708bbb16,sunday,635,0.0015404364569961489
6382c22b-c9d5-43b7-a450-238d7adbfed5,sunday,637,8.557980316645271e-05
0abe180d-d9b4-45e1-aa61-e80081fabf67,sunday,640,0.0034231921266581087
bd741cdc-ee58-4ca5-80c2-ab8938233dbe,sunday,642,8.557980316645271e-05
7af833a0-2104-4e98-8b76-264759507b17,sunday,643,8.557980316645271e-05
2af23a3c-a85b-434f-b6b9-ff5f52c348d7,sunday,645,0.010783055198973043
44216d1d-c928-4de6-a1f8-27e2b391a55d,sunday,650,0.004963628583654257
eeb87e55-998a-4206-8222-a182993932c9,sunday,653,8.557980316645271e-05
dc0de0f5-cf5f-488c-b0c8-ec5f6c0dd3c9,sunday,655,0.002225074882327771
9ad4529f-df80-4cd5-8893-c3d207f2f638,sunday,658,8.557980316645271e-05
5865461e-67d2-4b02-953f-ac0fcc3af1f2,sunday,659,0.00017115960633290543
9f5518f4-6eff-4e3b-938d-6c81ff31c459,sunday,660,0.04373127941805734
ce438e5f-cb62-4312-b613-7292d56a2246,sunday,661,8.557980316645271e-05
40465fb6-7eb0-46fa-bcaa-cc4f16246d9c,sunday,664,0.00017115960633290543
beab05b7-e1c4-4e38-893d-55c68c3bf58c,sunday,665,0.0008557980316645272
2bec7fcd-11eb-4d56-856c-5fe00da9a838,sunday,668,0.00034231921266581085
d33899d5-d35c-4192-a23b-ddc991197ba9,sunday,669,8.557980316645271e-05
3dffedbd-0ce0-440c-ba81-947642bc6d69,sunday,670,0.005134788189987163
9673d0f8-79e4-40da-9ad6-738bd24b0854,sunday,674,8.557980316645271e-05
e6510469-272e-4e7e-a361-dce673d8cc82,sunday,675,0.011724433033804021
1e9415dc-8423-491a-8f85-c1484b61cf25,sunday,677,8.557980316645271e-05
41e473c0-87da-45de-81ec-914e50d65027,sunday,678,8.557980316645271e-05
d98390cf-d992-4931-8980-6770fbc2efc4,sunday,680,0.0040222507488232775
019e876e-3afc-4c12-be4e-e9c5b8ca8e8b,sunday,685,0.0029097133076593923
af293709-ac66-4405-9249-2bd0834b7a25,sunday,686,0.00017115960633290543
85e47142-a638-4055-a507-dee57c0f98fc,sunday,690,0.02858365425759521
92562440-f0cb-4af2-860d-36f7a29d6c4c,sunday,691,8.557980316645271e-05
dd73cb00-7376-48f6-b3ed-3d125e909fa5,sunday,693,0.00017115960633290543
fd1854d5-d1fc-4d20-b30a-9a53a292f138,sunday,695,0.0015404364569961489
ada889cd-82ba-49b2-ab8a-5056892a0d38,sunday,696,8.557980316645271e-05
40a26cf6-ab93-446b-88dc-c82c4426530b,sunday,698,0.00017115960633290543
bd18a2a4-289d-499b-8ba4-3d424b78a714,sunday,700,0.004535729567821994
a84b1a7b-81cd-4371-a663-5fa8fd30d9ed,sunday,702,8.557980316645271e-05
493a4a17-cad1-4d0c-8fe2-9ebb7b92a18f,sunday,705,0.00881471972614463
d78bcd7f-32eb-4a8f-aa14-ff7cf73a207d,sunday,706,0.00017115960633290543
82999bcd-c0e6-429c-8ec7-01152e8e1275,sunday,710,0.005134788189987163
d328f2d9-944e-453e-8ede-2016fdd544f7,sunday,712,0.00017115960633290543
2565e22e-438f-4243-8c91-d5cf64a4f746,sunday,714,0.00017115960633290543
c5aa4bd2-2b20-496d-9b7d-1813ba32e66c,sunday,715,0.0013692768506632434
a02a71e3-c1b4-47f9-a732-5739290837cf,sunday,717,0.0005134788189987163
b96fadfe-04d9-451a-b562-1ac2470fa87a,sunday,718,8.557980316645271e-05
29ffaf36-6575-4674-ae68-a3a8f91a67ba,sunday,720,0.034830979888746255
bf3528f1-d7b0-47bb-91d7-2656d92dec64,sunday,721,8.557980316645271e-05
92fcfff4-3e47-4293-ba88-185257cadf48,sunday,725,0.0010269576379974327
d1cd85b8-0e89-41c2-adbd-1850cd2831fe,sunday,730,0.0031664527171587505
624d2f1a-124a-41a4-841b-f84aa4a56525,sunday,733,8.557980316645271e-05
ecc9d2e7-bc12-4910-bfad-ce6a54f9d389,sunday,734,8.557980316645271e-05
c3080a88-c83d-4556-b3a1-0924932f76ff,sunday,735,0.009071459135643988
5832a0ba-e889-425b-9116-e65b64ef68a0,sunday,737,0.00017115960633290543
5d3b6ce3-d155-417e-8d94-43aa86908cd0,sunday,740,0.003936670945656825
65711460-1722-4b6b-b92a-24dcbd869458,sunday,745,0.0019683354728284126
a55de22f-8da6-45d4-874d-5450006cdffc,sunday,750,0.021223791185280273
377f53ca-46d5-4ad1-b123-49cd6a2ded79,sunday,755,0.002225074882327771
cc3351f0-95df-421d-a129-fa0d665be04a,sunday,756,0.00025673940949935817
9d738578-03a1-4302-85a4-da77c9b55c28,sunday,760,0.0017115960633290544
256c32a9-0a63-4922-8db7-6075ff8bcd11,sunday,763,0.00017115960633290543
5d450063-7ebe-4b84-af61-eb9fbe18cea0,sunday,765,0.007531022678647839
cfc5aa76-d3a7-4161-8a52-0b91a34a99a2,sunday,770,0.0028241335044929395
5df724d6-db53-42ba-a08b-994389fdea93,sunday,775,0.0011125374411638854
cf05f5a7-f2d7-4e9f-a4a0-68b59230a137,sunday,778,0.00017115960633290543
b102b418-a01d-402d-a110-3f6b45cdecd8,sunday,780,0.03508771929824561
11a9357e-b313-4f5f-b6e3-e3c1f2cb62bb,sunday,782,0.00025673940949935817
5d9baeb1-c227-41c0-ba92-60159fb33667,sunday,785,0.002225074882327771
c69c9d9e-8b62-47eb-81b0-dac676048275,sunday,786,0.00017115960633290543
e6564469-fbf7-4e0a-8548-cfb7e394a888,sunday,790,0.003337612323491656
8e35be16-fe1c-471d-9cf6-9cd960f8cece,sunday,795,0.005905006418485238
50e83f81-80fd-46c8-8d09-cb239fd77f65,sunday,797,8.557980316645271e-05
3fba7a41-309b-4ff4-be2b-f8af37181966,sunday,800,0.0028241335044929395
6990f6cd-ae46-4e98-96e8-fa141cd40f14,sunday,805,0.0008557980316645272
d16f5a20-bd25-49e0-847a-98a05ec71cdc,sunday,808,0.0004278990158322636
b4ae5a4b-bf2e-43ab-8bb2-7a399b778251,sunday,810,0.02336328626444159
cc13cbd4-81bf-4c1d-b6f6-a4a8696c798e,sunday,811,8.557980316645271e-05
e8519085-34dc-4e8f-b419-4381931fce07,sunday,815,0.0007702182284980744
4ba7b273-3c04-47b6-b4b2-0e01a18ed760,sunday,819,8.557980316645271e-05
dbbee328-f274-40c4-9158-258f4972ad54,sunday,820,0.0031664527171587505
561127f1-8fce-4e40-8276-bbf6d1784a05,sunday,823,8.557980316645271e-05
ff73417d-2826-4d34-a191-fb121f9cf92e,sunday,824,8.557980316645271e-05
515bdcc1-6113-452f-b43a-04b76b0f4f0d,sunday,825,0.007958921694480103
3fb47bd3-5c03-4e79-91d6-3df6753c7c6d,sunday,826,8.557980316645271e-05
4130b9b7-dfa7-4bab-b9ad-60e49cf56c04,sunday,830,0.002652973898160034
c3ac3126-9bbc-4e97-a125-d853bd2de008,sunday,833,8.557980316645271e-05
f36e064b-5255-4eab-9899-0fe22b4aa132,sunday,834,0.00017115960633290543
1e6d9a34-1318-4fdf-a790-c574ac5e581d,sunday,835,0.0014548566538296961
a58e852d-3e2c-4b44-b0ff-0151709989ad,sunday,840,0.042875481386392814
3717c60a-d25b-4cdb-b5f2-7c2bed191e7b,sunday,841,8.557980316645271e-05
a51b6875-ce8f-4850-a01a-6221d21c8d44,sunday,845,0.0016260162601626016
1ba166b3-106a-4cfb-9c15-16397e3c0cb1,sunday,846,0.00034231921266581085
58084260-d674-43e4-8430-359146e73097,sunday,850,0.003337612323491656
e600eb85-86c1-4c15-89ec-31169de25bea,sunday,854,8.557980316645271e-05
2fb6d4eb-41f0-4597-8d27-fae6f5e3cdc6,sunday,855,0.007787762088147197
7d6c16f7-87ca-41d9-ad55-26e181156abd,sunday,860,0.0028241335044929395
cac51888-9a76-4e73-b956-b9fd190e1a75,sunday,865,0.0017115960633290544
c8913dcb-6656-4f34-975a-cc268c89b10f,sunday,870,0.02233632862644416
d4205034-5ab2-4fe4-a1de-814cad6b6657,sunday,875,0.0013692768506632434
91c666ec-0b08-4293-b9f0-38713c546aab,sunday,877,8.557980316645271e-05
85385cb7-dd9d-45bc-b249-4933a394a48b,sunday,878,8.557980316645271e-05
02a20aa1-5b4d-4ed4-b82e-a82655dc7763,sunday,880,0.0029097133076593923
fea01554-6178-415c-9c4e-34a7818a6893,sunday,881,0.00017115960633290543
4a4fdcf5-e4de-4ffb-b5a7-6e4a1d551d88,sunday,884,8.557980316645271e-05
2f713c3e-b15b-4068-8a56-15a6ca8cfe06,sunday,885,0.007958921694480103
cf539696-875f-413b-b893-ea3255ac7261,sunday,890,0.002995293110825845
05a1acdc-32d5-420f-9b7e-73ac42eaaa0a,sunday,895,0.0017115960633290544
7dfacf71-b695-4ea0-ae83-f0570833346c,sunday,896,8.557980316645271e-05
b5675525-a0cb-4816-987b-dca172137980,sunday,898,8.557980316645271e-05
4d129067-ce2c-4211-8eea-010ac3aeeca1,sunday,900,0.031578947368421054
fd8c4f1a-e3ee-48e8-b1f7-665706f5269e,sunday,903,8.557980316645271e-05
0ac8b1b7-a22f-4dbe-adda-08cdf9f9b221,sunday,905,0.0009413778348309799
3d2f796b-2dce-445c-878c-20a33c04ced7,sunday,910,0.0029097133076593923
f2be0fce-c4af-4364-ab09-e03ff3693377,sunday,915,0.00504920838682071
129a4379-d7ae-4261-ae2b-d3a0db0ff75a,sunday,917,8.557980316645271e-05
de85d3f1-cb37-4a1b-a714-55e162bf47d7,sunday,918,8.557980316645271e-05
8f251b99-5fc1-4bb9-863c-d19637f7a5a6,sunday,920,0.0020539152759948653
cb36e95b-8b97-4ace-9b3b-da6077a30a70,sunday,923,0.00017115960633290543
f366effa-728e-4be3-8b02-69c42a9351aa,sunday,924,0.00017115960633290543
2613e6f6-47e4-461a-9508-ba08bc4b87da,sunday,925,0.0009413778348309799
b8bb7546-37a7-4e51-9b86-39e9cb7a1b9e,sunday,927,8.557980316645271e-05
0dcc96f8-e405-4842-a1ec-7288f351e45b,sunday,930,0.015233204963628583
0396e175-0b6b-425c-a6ef-d40dfdc45720,sunday,935,0.0005990586221651691
846bfab3-0f61-4c91-819f-2d8029b67737,sunday,938,8.557980316645271e-05
5e1f18cb-34c1-4633-8bf0-56fd591ae586,sunday,940,0.0018827556696619598
84bd33e1-3390-4b27-a1e8-535e80e72cf8,sunday,942,8.557980316645271e-05
13a03c04-6df7-405d-b848-4205df56e971,sunday,945,0.002995293110825845
ffd5dd05-5554-4730-b88a-d6947e844544,sunday,948,0.00017115960633290543
d894d7af-5b21-4f75-8ef7-60c9739cb994,sunday,950,0.0019683354728284126
ead7f4e4-4948-4014-89df-3e0abfb45299,sunday,955,0.0004278990158322636
68c97396-c5fc-439e-ad3b-371626a43b10,sunday,960,0.019084296106118954
25b284ed-994c-44d8-a8a4-3ef8db963047,sunday,961,8.557980316645271e-05
0fb62e93-41f7-40d6-9d8c-7c3e5b4dde02,sunday,962,8.557980316645271e-05
be905e44-4ff8-4cc7-bc54-812d9472c544,sunday,965,0.0011125374411638854
bc46c840-5705-4f87-ac8a-fbd6efb4995d,sunday,968,8.557980316645271e-05
5af87a23-df2f-419b-a874-35fccb0c54cd,sunday,970,0.001797175866495507
f2b0d0ea-5c17-4b71-b618-130ed1b1c8ca,sunday,975,0.0031664527171587505
ed5a15f0-568a-44a1-80b8-071258e551ef,sunday,980,0.001797175866495507
7a849a1d-c8f1-4980-b401-ab48fdb8904c,sunday,985,0.00034231921266581085
0c35c5ea-9588-4619-a015-ed8585d62e4b,sunday,986,8.557980316645271e-05
d4de175f-733d-40da-8b78-529c1e89765c,sunday,990,0.007958921694480103
80af0376-a6c1-46ce-8b39-eda2eb01341b,sunday,995,0.0012836970474967907
d1527464-9e3e-4213-88a7-e9915919f652,sunday,998,8.557980316645271e-05
cf6b02ad-2240-44e3-ad60-c619c733a2b6,sunday,1000,0.0015404364569961489
b2850dbf-798e-4495-b4dd-bb2775be5fdf,sunday,1001,8.557980316645271e-05
e9d8e27a-6b9a-42f7-900d-500705eabde2,sunday,1005,0.003337612323491656
ff41cf22-f27c-4c4e-bd3f-3b5cd7150e48,sunday,1006,0.00025673940949935817
54b79606-03a6-49ce-a013-121d8ef753fa,sunday,1010,0.0009413778348309799
c231f440-1bc9-4928-a99a-1d7dd192c5a7,sunday,1015,0.0010269576379974327
571f7c61-c543-4fcf-9618-0408c116139a,sunday,1020,0.011039794608472401
7c9a384d-7d1e-4a65-92b5-0c66d1bc372d,sunday,1025,0.0007702182284980744
2967c993-9000-4c2e-aed2-75e57173b2cc,sunday,1030,0.0008557980316645272
eceb6bac-c9cb-43a1-8cf6-bc8694ff0070,sunday,1035,0.002652973898160034
e4936222-a1c8-4213-804d-0904e0f465de,sunday,1040,0.0007702182284980744
ee26afaf-51aa-45ba-8897-65afaa8f22d2,sunday,1045,0.0005990586221651691
b78c609a-6cbd-493e-9b65-2e6ec5a3f874,sunday,1050,0.007616602481814292
446e3660-33dc-4c07-ae59-fb4d7079d6d5,sunday,1051,8.557980316645271e-05
854ba73d-fa16-49ad-9c4d-8a3421c9fdb9,sunday,1055,0.0005134788189987163
83b1bbd4-ec99-4e0b-a24d-9e849c66b29a,sunday,1060,0.0010269576379974327
d1b0e940-cd6f-4777-a2f0-7dfc629f7427,sunday,1065,0.002652973898160034
1df149d8-e460-409f-ba07-43c496e2496e,sunday,1070,0.001797175866495507
6fe5560a-ee70-418c-bc07-de5198f06472,sunday,1080,0.009841677364142062
349e74f8-09e8-480d-acde-26cd879cfe97,sunday,1085,0.00034231921266581085
c3273a86-0027-4f5c-bc8e-095f1a7155cd,sunday,1090,0.0011125374411638854
218ef956-d7eb-4e8b-9114-4f9672effa7b,sunday,1095,0.002139495079161318
c2b65000-4513-424d-a78d-8297697b077c,sunday,1097,0.00017115960633290543
d18054a3-5111-41f2-abb0-b0547b9120e5,sunday,1100,0.0007702182284980744
ba3349e4-6d52-4681-9322-07a7870d7a45,sunday,1103,8.557980316645271e-05
6594afbc-a05c-4e90-a739-9475ef751dc9,sunday,1105,0.00017115960633290543
c51ae11d-cd23-4a5a-9eb2-e3146c5747eb,sunday,1110,0.004878048780487805
aa163d82-04f3-45fb-896f-bc79e28bb1ed,sunday,1111,8.557980316645271e-05
623bb03f-5db7-46ae-91fc-972888c1db9d,sunday,1115,0.0005990586221651691
d3a93bc3-061d-49fd-a2cb-6bdb18970db0,sunday,1120,0.0004278990158322636
cef010a7-5301-453b-aa03-e9264d28171b,sunday,1125,0.0016260162601626016
02899675-0d74-40e0-a56c-ad8fa7bc4b55,sunday,1130,0.0005134788189987163
2deb009b-8387-4e02-a47d-cb6a5175d830,sunday,1135,0.00017115960633290543
b976ae1c-0724-42f8-b465-7527d4df3d33,sunday,1140,0.0034231921266581087
36c0240f-3fbc-46a5-ad16-25246b1efa0d,sunday,1145,0.0004278990158322636
0ab95bec-d111-4533-b506-dc520c4a1d2f,sunday,1150,0.0005134788189987163
84b3b9e5-095c-4748-98b4-12239dacfd84,sunday,1153,0.00025673940949935817
3f27b53a-d725-4f97-9eef-616a03b19c67,sunday,1155,0.0012836970474967907
d65d1a5e-51f3-40ec-b966-7b2c61dfd10a,sunday,1160,0.0005134788189987163
f8f0bfd5-a151-4eaa-afbd-774498488ab8,sunday,1165,0.00025673940949935817
672483fb-11b3-4b04-99a6-43f73990f907,sunday,1170,0.002225074882327771
0b24dc40-c55c-4018-b261-a29db0d427cd,sunday,1175,8.557980316645271e-05
cca7bb79-ac3f-4a98-b46f-38e75dbafb36,sunday,1180,0.00034231921266581085
e10858cd-2042-40a3-9c67-6e5c892a9f60,sunday,1182,8.557980316645271e-05
6e355672-2dbc-44a1-9f4f-404ad53c3e19,sunday,1185,0.0011981172443303381
5aeba31d-265f-468d-abce-1a76ab05f090,sunday,1190,8.557980316645271e-05
1a3e93bc-e3f0-4800-939e-fec0ba7a9e00,sunday,1197,8.557980316645271e-05
21932e3e-fcb7-4949-a0d4-5c4aa8975bb1,sunday,1200,0.0011981172443303381
2165110f-fc80-4896-8725-da978e871f1c,sunday,1210,0.00025673940949935817
50b9310a-a776-4ee9-824c-a768b15ee641,sunday,1215,0.00025673940949935817
2c243def-6b3b-4679-a8f4-4c30ad82992b,sunday,1220,0.00017115960633290543
0fea6abc-c06a-4cac-a56b-be92746dd9b1,sunday,1225,0.00017115960633290543
00ddf234-a4de-437c-92f2-afd270364a1d,sunday,1230,0.00034231921266581085
a5c13318-3a12-41c4-af4a-099eca0f5928,sunday,1235,8.557980316645271e-05
b7c09308-9b92-478f-a458-b1832662f351,sunday,1240,0.00025673940949935817
d554d562-f3aa-4720-bd4d-1fcb0d07df7c,sunday,1245,0.00017115960633290543
47a8b764-54cf-4620-a152-a48f8704a5be,sunday,1250,8.557980316645271e-05
35682e62-af4e-481e-a6d9-90215927d7ee,sunday,1255,8.557980316645271e-05
21ea5749-83f9-4b24-8a9e-cb69951f6ce3,sunday,1260,0.0005134788189987163
2b81e480-f790-441a-8dd6-76c7a446641a,sunday,1265,8.557980316645271e-05
bdc6bc20-ae90-48cb-b714-c3e7c87ce4c6,sunday,1275,8.557980316645271e-05
eccc9517-c32e-4ff2-9471-0b5c5bd6bfd8,sunday,1285,0.00017115960633290543
14169e37-199f-4f05-bc1f-bdf00d72487b,sunday,1290,0.0004278990158322636
9c826b5e-31fd-4e9e-b94c-4d5a9c15bc82,sunday,1295,8.557980316645271e-05
c5912642-b3b0-43f2-a518-ef19d647ab1f,sunday,1302,8.557980316645271e-05
28b639a7-4ec3-4fb3-84bb-878a9aa959e1,sunday,1310,0.00025673940949935817
23983b19-4e3c-4e93-a829-52e0840481d1,sunday,1320,8.557980316645271e-05
238ba2d1-c0d3-43cc-a1c7-eb54bc80b85f,sunday,1335,0.00017115960633290543
44c6b9a4-355e-4504-b2e4-1cb832c12ea9,sunday,1395,8.557980316645271e-05
