participant;time_series
ec138feb-9ddb-40a5-a5a1-f26e9a5ce88f;eaa47647-2e2b-4e39-9065-82c37daecfc6
e629a0b7-1206-4c4a-bc0e-7cec1f3d0ee9;d64a9ba1-fffc-456d-bb34-bb95c990aa3e
09fa895b-e2a5-461d-93a1-2ba31433ee4a;de5f3725-6071-4d83-9e0f-076e91d6dd9e
346b13ba-cc50-4a67-aabb-6030a67399e6;adf83ac8-3ed1-4c0b-b731-d62d9a0b1f17
64398cb0-284d-43a7-b60f-5af98e5392a4;a0187f1f-3723-4595-8a6b-d33fd7d1f8ae
5f46a1fb-0239-49e5-b50c-68f87804c770;972e84cd-502c-4b0b-ba8e-cbb91be42c90
1d92acc0-4e3e-45be-9186-70855ff4a51d;98864970-f5f3-46f1-973a-4f3331602650
805ecdff-1e7b-4f12-b16d-567cdc58423d;b53e4a5c-2c86-478a-85d9-1cd4ae8fad9b
b128ab5e-28e2-4d3a-a4b9-cfdab852adc5;5eda7cc2-aac6-4960-8913-35c871974d27
9176ce54-3a86-466a-a1f2-543662258baf;2c3c970f-68ff-450f-8b6a-12992449e7d3
8106ffe3-93cd-4e8f-8d2a-4cdfc1affc8e;f9c4e14a-5133-4ef1-a018-073c8b96dbf8
5cc359b8-5c25-43ea-b8d8-8bdfad59e5f0;2f56cd75-e5ef-4f00-8e89-aa9bf1af5df5
c44b2c56-659f-4c7f-b671-367dcf6eac70;285147b7-f655-48d4-bc7b-0e5379e12ab2
b09a641c-b71d-456b-ab2e-9d8132a8c694;451e3691-2967-4781-ad90-8c1588c08592
b31d6130-9b18-4a38-80d9-d9239f51e2fd;465d41e6-c6dc-4b11-9241-a760dc2f1bff